-1.197264422044268350e+01,-1.215892129033672997e-01,1.359364569002397216e+00,-1.262527798454372852e-01,6.633664739615816042e-02,-2.893157474849925581e-01,1.945579540106936733e-01,-7.691920723257456016e-02,-4.970742300047285012e-01,-3.242935817729623582e-01,1.780011187579459975e+00,2.221874822210264666e-01,4.064043365815824260e-01,4.772173820522298548e-01,-7.546387799696464560e-01,-4.057412856560050907e-01,-5.934794491119010917e-02,-1.227853180192328031e+00,1.114326641769234794e+00,3.137800796846281215e-01,-3.648670946206856169e-01,3.572673980984378828e-01
-4.712990442235859057e+00,-1.266823430305530573e+00,2.442712417492590049e+00,-2.702548651409996339e+00,-1.025607051882567955e+00,-1.338248911742608849e+00,-1.116949167432145007e+00,1.162886058349039464e+00,-2.220835787700649322e-02,-1.052809781869571193e+00,2.613574587474925548e-01,-9.357645063705868349e-01,-1.621510555120012187e+00,3.854691452959571607e-01,4.667712681440254752e-01,-1.294967914927324382e-01,1.108010956149983128e+00,-3.757523565785738651e-01,1.074984977167609823e-01,-4.480519083961701510e-01,-4.473091683332107160e-01,1.113874699585844841e+00
-5.736250456520386010e+00,-1.426643621708713505e+00,-3.486620449581829373e+00,3.960232533350530049e-01,9.755576218574799063e-02,-1.486642679561424929e+00,-4.404804978804764959e-01,1.030455782284941169e+00,1.436440841555261416e+00,-3.619484086853883009e-02,1.481673369291231612e+00,4.456079006541846521e-01,-4.999944242834508668e-01,7.213487442525168269e-01,9.296423437742489249e-01,4.951837782757972928e-01,4.110962519207361776e-01,3.080928569576151244e-01,2.572007338632842921e-01,4.830149366062756466e-01,-4.875595612851358895e-01,-1.136811365999233603e+00
3.095332565239255818e+00,3.064067241252298235e+00,-1.716858972334020406e+00,-6.510044614692267473e-01,7.642870433969001231e-01,-8.134427874287054605e-01,-1.921233728932233431e+00,1.892801661948416259e+00,-1.733363249048494481e+00,1.008975578088201264e+00,5.310527212204427805e-01,-3.893146646902909680e-01,-4.437009789912068625e-01,-1.801368348185631074e+00,2.025522768798505346e+00,2.343552410228262772e+00,-4.363490881611152283e-01,-4.484655314871580645e-01,-1.205473489584771851e+00,1.507097711949635821e+00,6.552307738232937551e-02,7.642347240308458578e-02
-2.022225485883697882e+00,3.104721310126763889e+00,2.649284292532455010e-01,-4.334143514652261331e+00,9.209935075921690251e-01,-1.053566769594453945e+00,-2.026460369970461084e+00,1.582509575647667699e+00,4.077813299348250764e-01,1.428737461637784589e+00,-6.103586120380195823e-02,-2.397991590960587838e-01,-1.717038428415372353e+00,9.685284409061549749e-01,1.218319984455837224e+00,-1.052454159770762621e+00,9.106888752519104457e-01,-2.445552491412440688e+00,4.432863285266728792e-01,1.596200413950652486e-01,1.738720410606227951e+00,9.446073647775228288e-01
-6.231504439941571327e+00,-6.011038262537851118e-01,-1.640316194540135220e+00,2.655693593803361979e-02,-7.295406247609361738e-01,3.695779562960990750e-01,-1.653704936445395735e+00,-9.314098325650651544e-01,5.131121604249480050e-01,-8.372389788158656199e-01,-1.550480211220705007e+00,1.172143889877403089e-01,6.353820587944003506e-01,-7.545132133766332960e-02,2.026193023745846755e+00,4.897979404519886559e-01,-1.412491351105522375e+00,4.422543237696746621e-02,1.391026890649843084e+00,5.981659758143538230e-01,1.321580177578033366e-01,1.885001666379413909e-01
-7.000852929833081717e+00,-5.222336700325360681e+00,-3.618920465551727500e-02,1.322033611375319273e+00,1.163515727643804620e+00,4.428616794732609385e-02,2.806408517479896392e-01,7.768903485204541326e-01,1.793492131187202077e+00,5.942963511541484722e-01,-6.808832172685718165e-01,-1.282857656566879667e+00,-7.951489225976835495e-01,-4.191282287963010167e-01,3.626826319557215350e-01,4.363800106939476620e-01,-2.168754651354011520e-02,-1.742083050524048382e-01,-2.880063726415828529e-01,1.723053981519437450e+00,-5.235957823303922787e-01,1.951118868776428261e+00
2.219097873141670618e+00,-4.238032255610588162e-01,-6.533754565217538834e-01,-1.861845243176639464e+00,-6.617221108330063606e-01,-4.999336461977132440e-01,-2.029958131519943088e+00,1.006089811786998078e+00,1.547054513986396040e+00,-7.105748878976352323e-01,1.745704485805398276e-01,4.977999658116835646e-01,-9.419977266202952393e-01,3.008051909375560884e-01,1.063333689562787177e+00,1.148131034691460384e+00,5.233848712769800793e-01,-1.740635083078527490e-01,-4.372294459764068386e-01,1.114552933943439683e+00,-4.303337665567840697e-01,3.482650921053903614e-01
6.344764968216530576e+00,-2.827045160477331898e+00,-7.544754641342934498e-01,-2.055442322503775898e+00,-2.205153267181449439e-01,-1.529091546319335748e+00,-3.536099049528303173e-02,-2.168002757342539777e+00,1.780823336689414393e-01,-1.354915894095989559e+00,6.856847321515406879e-01,6.299194201330109433e-01,-5.737932812866564092e-01,-5.486443940493246352e-02,-8.963005517146634960e-01,-1.749744420984935100e+00,4.008904898254195270e-01,-2.950365007496644765e-01,2.083437024794971004e-01,3.196515128500333480e-01,-2.038402190992956720e-01,-4.615103775871212122e-01
-6.307842416332792856e-01,2.116563815104383295e+00,-3.722990953549800253e+00,5.711832957799422017e-01,3.697474859249192392e+00,-4.530885679896911045e-01,-2.670187267959350241e-01,-1.050576911626230237e+00,-8.472148974784962649e-02,-1.691342688940414563e-01,-4.414024891881893065e-01,1.836023785473556158e-02,1.807244545119914003e-02,-6.696907377420892316e-02,8.459596086953928840e-01,1.483885670452572136e-01,5.315897964691167488e-01,1.153140622764168510e+00,8.204365335628670541e-01,-5.395987982940512184e-01,-1.334698541009119666e+00,1.288108543164078856e+00
4.200562818783896368e+00,-5.228591249391633111e-01,-1.931282882682266111e+00,-1.285197492253383755e+00,-2.675061279591734120e+00,9.722320412387225330e-01,2.532298946403152007e-01,1.533040979404272974e+00,6.392410225603797347e-01,-4.471699229515353480e-01,2.482013288259581341e-01,1.162085814119485194e+00,-1.394562348649091454e+00,7.225490509391724325e-02,-4.195312672930067155e-01,5.502671468827707857e-01,-7.882008211324218472e-01,-1.472972933647574423e-01,-7.777091840369305675e-01,-2.164789210845369238e-03,6.666267031204363702e-01,-1.589032392647551639e-01
-2.902012252250246727e-01,9.640269923131364882e-01,-2.317941834730357975e+00,1.730615136510404328e+00,-1.133648465617475676e+00,-1.032962649533072153e+00,-1.306148860760174779e+00,-4.967807920614192296e-01,8.561874790350180175e-01,1.564059894374469240e+00,2.310288080604180616e-01,3.159044052501794320e-01,5.592018991642641046e-01,1.417047672875259678e+00,6.214802551233720163e-01,-3.274312383808165583e-01,7.156960156848914956e-01,-1.298633721148719222e-01,-1.445760536498568394e+00,1.047911671675953338e+00,-5.456844363191771796e-01,-1.832533613617204127e+00
-2.851454411461980532e-01,1.107929257693716307e+00,5.405719794069455686e-01,-4.627693086132040889e-01,6.498885025330681797e-01,-1.190283334711041086e+00,1.312321190608840282e-01,1.707647816790618112e-01,1.710400365334761252e+00,8.590900908142543591e-01,-2.607836193853052542e-01,2.319476011605228760e-01,-7.604107648740854319e-01,4.399230032301444382e-01,-1.263291374704679670e+00,-1.050442658513516925e+00,-1.932501129385038707e+00,7.741538204478219942e-01,-1.185470557272812142e+00,1.192163402129921224e+00,1.051844303403708658e-01,-3.613651843722017198e-01
-4.544168377117432378e+00,-6.564219301524500949e-01,1.040056289223024732e+00,-2.045064549871155268e+00,-2.808954205796026837e+00,-1.002479483549693906e-01,1.752480398067832734e+00,2.181224428522820169e+00,8.195003609681951184e-01,2.086080782663391808e+00,-1.002968159359874267e+00,1.207083661332474522e-01,7.645951307254379714e-02,1.637698261263625277e+00,1.040717834898287952e+00,3.740397076599709658e-01,1.952463034338929038e-02,8.042941065261334233e-01,2.646834278251690153e-01,-3.717998884188021824e-01,-3.194170511805101698e-01,1.698103275361433906e-01
7.780420444836293470e+00,1.040305806666816046e+00,-8.036907520639937630e-01,-1.096873451636026564e+00,3.144675689911619609e-01,-1.688362859418421236e+00,-1.563583865267900719e-02,6.258818503463730032e-01,-1.267034017298558357e-01,-4.543282478738038255e-01,-2.502936466319332531e+00,4.163939215073085842e-01,5.768469549765808946e-02,6.042776429602842586e-02,-8.089575289083006382e-01,-5.871358816877342290e-01,-8.214735662699277352e-01,-1.619677450013170095e+00,-1.059075888342079219e-01,6.262354091214735741e-01,1.010061060887623707e+00,1.652137376965579385e+00
-4.564419236568670435e+00,-2.972101315975138824e+00,-1.136555990971521046e+00,1.919851506938028210e-02,-2.922615910630335101e-01,1.382688334274652098e+00,-1.929497267330599231e+00,-1.414048885989867443e+00,9.280726886685591870e-01,4.314804600802381040e-01,2.004946996184886199e-01,8.617086294051105044e-01,2.089319060456767962e-01,-1.743919646479251018e+00,1.715485887783422703e+00,-1.404684004495312610e+00,7.052596930027872357e-01,-5.192931518885474107e-01,-1.478077574509665926e+00,1.075366591421312412e+00,1.774405578986103293e+00,-6.593226912251176630e-01
-1.066105211415025167e+01,-2.567701937229932341e+00,-4.010897271438801370e-01,5.021310972936624539e-01,-1.928020044318329296e-01,1.173906658712114970e+00,-9.189086073103130969e-01,1.004646525375943789e+00,-1.030604147847905105e+00,7.861491035312088149e-01,6.523821169249959251e-01,-7.651701758321338698e-01,6.618026599921955633e-01,-2.127221804889071755e-01,6.923376017398775728e-01,-1.116552049959649517e+00,-2.445012010034490202e-01,-1.174400120458303665e+00,-1.594505303726661438e+00,-1.302186268673974245e+00,-3.719663598649152192e-01,-7.396284586178099030e-01
4.541987411819382037e-01,2.431753735197431432e+00,-2.020679100974811959e+00,-5.994811681816838433e-01,3.272699514747445249e-01,4.124458240138825227e-01,1.714840566828510937e+00,-1.237258326653477791e+00,1.553525475618839025e+00,-2.343315244369419403e+00,-1.465109701198475056e+00,1.433383363082064710e+00,-5.857491040664344339e-01,7.995323320609812878e-01,-8.817510426566677051e-01,4.932256290445812819e-01,7.701362419780662938e-01,-8.888724473048114083e-01,-4.625448335772203712e-01,8.695037873109274784e-01,-9.913290041944451403e-01,-1.575574387528599907e+00
4.101003725726517501e+00,-2.773455410864046566e+00,1.811753580326390001e+00,-1.390661997776978742e+00,1.458428526988478025e+00,-1.590481562909207947e+00,-8.648816265847887319e-01,5.392245181438678481e-01,1.209845073448971631e+00,1.061880735414824972e+00,1.760054815267515504e+00,-1.460871870533012817e+00,1.199655331069235054e+00,-5.834830406515730816e-01,-9.351383479506838459e-01,-2.059505157552285748e-01,4.407030436007018936e-01,-5.285897152912245600e-01,2.095076013186738972e+00,-3.698992581401588375e-01,1.824249000907944562e-01,1.114463247523319600e+00
-6.906553734448129589e+00,-1.661165497212315545e+00,-2.441920449882537092e+00,2.096530200173997827e+00,1.896569624476361460e+00,2.872100975646750154e+00,1.197228915054182830e+00,1.145962014107946958e+00,2.781300274278135642e-01,-1.316028067157447801e+00,-9.102089503610424903e-02,1.779902050476342756e+00,-8.511155947041892933e-01,-2.878611071496169682e+00,3.080867886070768891e-01,1.114606470576870123e+00,-3.097831351922155640e-01,-1.713465633221388895e+00,4.362746725165503325e-01,-2.162104651516737697e+00,-1.115570497461576271e-01,-4.570381773630359246e-01
-1.176557545047865805e+00,-2.311407494250546646e-01,-2.257130981346573417e+00,-1.753507419742987183e+00,1.087122968957586755e+00,-1.283558314931204647e+00,6.679376385394130144e-01,2.761546781288128916e-01,-1.744840179895678967e+00,-2.417707204560701761e-01,-8.876490082835833406e-02,1.412693244443564922e+00,1.176151328520053663e-01,6.208854809875495873e-01,5.488336287836025340e-01,-9.192059611581884226e-01,1.325627050338901380e+00,-8.216624109613776539e-02,6.499661257390254576e-02,3.970122124668065133e-01,4.203291702015026221e-01,1.845092859085133985e-01
-5.032654345220689329e+00,-3.875617857284129997e+00,-3.710961505901138463e-02,7.829071468099104703e-01,-9.835906239033652687e-01,4.306681003535673402e-01,1.662586310863862105e+00,-1.095569060089090496e-01,2.091693833458735663e-01,1.054455296964716515e+00,1.092208809546684645e+00,-1.493719729760510651e-01,-1.364358615214738890e+00,-1.636814232697958671e+00,-5.853306776098978759e-01,-8.913445982084524655e-01,1.481045174761503602e-01,7.925052119176313470e-01,-3.483348105481842150e-01,5.443376362892441422e-01,1.967992960398211033e-01,9.000865582664067110e-01
-4.149475506179560735e-01,-6.731571146243721104e-01,-2.271551840114618859e+00,4.948115562032756598e-01,-3.839257046470168633e-01,7.761798838885380913e-01,7.565179514501756408e-01,-1.786406802213610145e+00,-1.470358681342410323e+00,-8.752005352636049729e-01,6.518931381690418192e-01,4.013388187892527048e-01,-1.935627306610487208e+00,1.390810314957313665e+00,-7.956434097457590893e-01,-3.415401373442930599e-01,9.385755529668723951e-02,1.966540621732419392e-01,-9.025854896354340573e-01,-2.439884252978347101e-01,-4.438371582839524820e-01,-1.114852997876597807e-01
-6.472737238142238780e+00,-3.849930561662274209e-01,-1.202467690467233785e+00,-5.004157150083170524e-01,-7.769064433533527936e-01,-1.950690911040625863e+00,9.395992106193350180e-02,3.095279317125785301e-01,2.119504056331953379e+00,-5.262558855366747945e-01,1.468114284579949524e+00,8.129439611687960809e-01,1.173194140217962422e+00,-5.273876023327804807e-01,6.349279052673488799e-01,5.888884023066615070e-02,2.327039920127882966e-01,-3.683757656627495436e-01,5.420051396373614105e-01,8.365835488497813666e-01,-8.482136444252112994e-01,-8.242736802664382134e-01
-8.013586461932037608e+00,-2.479072036911451171e+00,-5.221586077667017545e-01,1.774107478630059020e+00,5.247339516864993891e-01,-1.476565446401349124e+00,-5.998596531175097446e-02,-5.479399422158780231e-02,-3.338773589384344542e-02,4.678369893693905546e-01,-1.666039399339129534e-01,9.782506425643138215e-01,-1.027082787421553567e+00,-1.470028529877599743e-01,-2.107396157075842158e+00,-1.009269733325093288e+00,-7.860910990254281749e-01,-6.681077065360481182e-01,-9.990783783943497642e-01,-4.264102160417027609e-01,4.145081606647296191e-01,-7.272740163621678466e-02
-2.110893234719025457e+00,6.814466229301074929e-01,-1.922489376501603120e+00,-2.703031420993728506e+00,-7.416208047529470049e-01,-1.513082297605759796e-01,9.669342329157157856e-01,-4.946289226885637880e-01,5.434249592574446064e-01,8.697552100774426087e-01,3.661960570635190981e-01,1.646964635666246179e+00,-2.815990111330453072e-01,-6.167715661877815059e-01,8.169458659525902222e-01,-1.851377393314545872e+00,1.680730758301586469e+00,1.146255063856641998e+00,1.644016753316921653e+00,-2.690516709322853806e-01,2.160374873915203442e-01,-1.290155676718555355e+00
7.264024653481714333e-01,1.086929642610939384e+00,-2.575205298449852465e-01,-2.290727993910278482e+00,-1.750946148251293133e+00,1.761894519756189936e+00,-1.885428218155658087e+00,1.069920232066106980e+00,-2.026330314107435693e-01,-1.534529550111592311e+00,1.338312791988149009e+00,-4.211803526227295147e-02,-6.697089863791424458e-01,1.535809903670538379e+00,-4.638805154944369846e-01,2.276062114080056098e+00,3.555901412677838769e-01,-9.995776771374548231e-02,-6.864091546182606030e-02,9.748060572323365147e-03,-3.336684676750339418e-01,-2.521475772040993601e-01
-9.680111571032043116e+00,4.715248581079427126e+00,-2.005070376056908577e-01,-1.255833965678873509e+00,-7.403462435290699695e-01,5.329702946105763228e-01,1.384066236829535113e+00,-1.564210100515847079e+00,-3.724422514781418336e-02,6.427089732672650602e-01,7.753335343730938245e-02,-1.307891591492107430e+00,-3.389897971640990493e-01,-1.619512561067087963e+00,-1.490188486263114509e+00,2.184504271722426783e+00,6.426420557289274083e-01,-5.964083415359585638e-01,-2.876962851893757334e-01,-5.710594767165360075e-01,-1.100523814383010057e+00,5.876661521669913624e-01
2.086764774545410539e+00,-7.031178334188237233e-02,-4.788500201790130695e-01,1.722299197182120656e+00,-1.189702258170317606e+00,-6.864788529794285665e-02,1.049740509922979737e+00,1.721600411681820653e+00,-1.683096180707207568e-01,-1.195959329018571937e+00,5.306220440693066864e-01,9.155673412286616797e-01,9.312837957441584269e-01,-2.319688848784847712e-01,-1.531627398836258092e+00,2.593965349971702472e-01,-1.371381005482441573e-02,-4.822044672688394762e-01,-1.625275771254311552e+00,-2.827601594488015069e-01,1.176421457238191248e+00,1.220721583937451005e+00
-2.658496564226927816e+00,2.089081994871923031e-01,1.424988724440201804e-01,2.577958170220033818e+00,7.336247736057641688e-01,7.301693060612637343e-01,-4.522965579037993011e-01,-2.002090544952543905e+00,2.466708295909917081e-01,-2.675057479132192384e-01,1.868189282061279322e+00,-3.395351832785555857e-01,-2.363419236664199008e-01,1.434308936791905742e+00,-1.321608869815616094e+00,2.673286444988158816e-01,-9.781848648117953404e-01,4.452306825778343802e-01,2.687618150469536449e+00,1.401862449541140476e+00,1.359050813600512608e+00,4.313995380821348813e-01
-3.224750582501194618e+00,2.222897729010300694e+00,1.479488476018576915e+00,-3.837141631310159617e+00,-6.703662419593302280e-02,-1.098045655766149986e+00,-8.291655377679193473e-01,-1.411443432051844082e+00,2.016518706388028992e+00,6.619669046360235898e-01,1.453576317755667646e-01,-7.483427641060389490e-01,9.522348544733190145e-01,-5.475734488716610393e-01,-1.060680297153653973e+00,5.744611743978581542e-01,6.634234415615644087e-01,1.132499395191547409e+00,-1.190268496922049613e+00,-2.395364630675628437e+00,-6.130244541260043700e-01,9.082923367277945595e-03
3.977532950577263859e-01,-4.576796371592157797e-01,1.389219201333911045e-03,1.538150083738986929e-01,2.452707679236019178e+00,-1.019367016497733092e+00,-8.600359338960110733e-01,2.685689943950142489e+00,1.024536383627351610e-01,1.041322177542945565e-01,1.344908215338951774e+00,5.258915559959547181e-01,5.264145968540334675e-02,2.127600433981141903e-01,-1.004158773744904254e+00,-1.029910426795370926e+00,-5.400325932181784250e-01,4.447208877614728939e-01,-2.814770897704946817e-01,-5.118905812896077379e-01,1.349984750528635535e+00,2.365766290392996851e-01
-3.617828033552387801e+00,1.171252164190316858e+00,-1.159216041573231548e+00,4.219386016842789910e-01,2.859732761280375790e-01,-2.222022190407634934e+00,6.971970330725848486e-01,-1.353693418062628329e+00,1.858936158980973419e+00,-1.070187318469543847e+00,-2.859990654020044820e-01,-3.036101278695210737e-01,-5.461838391234360990e-02,1.000975883322870796e+00,1.666232534896713857e-01,-2.346787834984000454e-01,2.843668096299545867e-01,-6.459012168822599875e-01,-2.405024608151550281e-01,4.298985102203078390e-01,3.718688659253616691e-01,-2.058412076453161599e-01
7.557802169295754768e-02,-1.508519422905095553e+00,1.186638240398947719e+00,1.202941137801248672e+00,1.522177811416263404e+00,-1.898266021523887126e+00,2.353458884238523452e-01,-4.960428777194673122e-01,4.904396123217478753e-01,8.295714654559827039e-01,-1.226413234741688507e+00,1.630060973619547937e+00,1.040894204942168111e+00,7.273162235016310539e-01,-8.281292210051443003e-01,-5.613561291229827999e-02,-7.006850854394122141e-01,1.292826111547038304e+00,2.802684171203419505e-01,-2.590505205464026517e-01,7.865400612873933717e-02,3.457800959606728841e-01
5.461063892666046193e+00,-3.034452660471427254e+00,6.606301091748703058e-01,-2.867539902094390136e+00,1.683564953764434602e+00,-1.786788309589107948e-01,1.334738586697030438e-01,8.151253689865131102e-01,2.352034865896329152e-01,4.922453891652782132e-01,-1.841989124944303002e+00,-7.214390132024935953e-01,1.640460509625561447e-01,-3.974896714383003848e-01,2.828131248327311331e-01,6.633593943605910204e-02,6.830234565433797034e-01,-5.139438359576686821e-01,-1.834697703740877373e+00,-7.245479257301067344e-01,-2.114431210187652788e+00,-1.151303628729588718e-01
7.440345901349054714e-01,-5.737830624523916345e-01,-1.551046544157613560e+00,-3.077249761247631832e-01,7.576182466493525114e-01,2.343480655898701748e-01,-1.023509332078801126e+00,2.172772963509608690e+00,7.838288582809707083e-01,-1.923756982559498896e+00,8.411307785435272466e-01,3.508047894065460248e-01,1.629699785830384384e-01,1.361310016650041144e+00,-1.885157622885534456e+00,2.363867304171259343e-01,7.025827056255766756e-01,-5.480763240165955619e-01,3.056467311243586393e-01,-8.525912977770476742e-01,-3.834260140994014132e-01,-4.638789129386974297e-01
1.207938370746410417e+00,-2.823063378696582859e+00,-6.018682639138935864e-01,1.493606647461816372e+00,-2.449900681728223173e-01,-1.867681384424988433e+00,1.189040841737391441e+00,1.438643540187449221e-01,6.412867576578960005e-01,4.471846833506528673e-01,4.691430177153778081e-01,2.057002786170843311e+00,-1.573727641879771211e+00,5.239673886485453347e-02,5.785845427986469058e-01,7.991770394923787268e-01,5.611013869202216009e-01,1.057621935041129557e+00,8.882205900482376126e-01,-5.941713758108161381e-01,-3.322099699013171814e-01,1.034397260516643824e+00
9.288739282281658349e-01,1.488026620276850398e+00,-3.184187089245391622e-01,-2.633601541987938166e+00,-1.323609017901602181e-01,3.507728949463624346e+00,-2.040113044918657081e+00,1.754098211984052302e-01,1.272767146576967656e+00,-8.022395740881566040e-02,-1.223025657699695845e+00,1.056404389213579931e+00,-1.348173561316590163e+00,-1.402831153377083639e+00,-1.841860972772239702e+00,9.268388699626385341e-01,-1.073855125856741921e+00,4.224383225469935388e-01,-1.907340650056138787e-01,7.765782779702633254e-02,1.580623674387362954e+00,-2.907491359234498085e-01
-3.676990637351791325e+00,-4.077682715524674428e+00,-2.997903636012953510e-01,8.752702443739579508e-01,-8.754840405240905676e-01,1.671593156327034757e+00,-8.136344854419168549e-01,1.048945028563239013e-02,5.620485011054392466e-01,-1.243896300367107521e+00,9.425699401474203487e-01,-2.524062567474438357e+00,7.507711294318358819e-02,-1.111615820132961119e+00,-8.277146981175023122e-01,4.147856022431929413e-01,5.943610600399418242e-01,1.141975401162167891e+00,3.641772128413742760e-01,-6.058509820446226213e-01,5.017075431718315270e-01,-9.960821702876393458e-02
-1.404527443911007811e+00,-2.336337698710551969e+00,-2.847659794148481804e+00,-2.375595132268390142e+00,-8.843015197646874048e-01,-1.888178329901618602e+00,1.357867868986790905e+00,1.661799525085014828e+00,-1.619719066015417930e+00,8.196648660899704675e-01,1.157997725297015501e+00,-5.642337885063932745e-01,-1.254591549579800347e+00,-1.256107118227226316e+00,-2.343672678418113886e-01,1.533365815600745030e+00,-1.772640836687457311e+00,9.682568595295464320e-01,8.564555437182127529e-01,-3.952708500831525473e-01,5.990577062195204250e-03,-1.101699818443783396e+00
6.191536122812054677e-01,-1.344362240797560615e+00,4.580740625744900707e-01,1.301248776497450632e-01,1.267381532895613283e+00,-8.623603327790131390e-01,1.787226761712660039e+00,2.460257644322131121e+00,1.515573761181785883e+00,3.517325274287740333e-01,-2.138911113160652522e-01,-3.999911323296677090e-01,6.254258572848746534e-01,6.258885723000557899e-01,1.442478242419975798e+00,-5.366981208053287489e-01,-1.194166919680811567e+00,-1.879653478358306984e+00,1.591867008066496225e-01,3.724457221762031978e-01,-2.903108594350564675e-01,-2.552534374962088792e-01
1.248541029214972564e+00,2.011710809504882569e+00,-2.334991406863244023e+00,2.128683370213163006e-01,-1.944663460907617436e+00,1.010279961650910677e-02,-3.280644209418792645e-01,-2.523439873318207294e+00,4.173990702429626887e-01,1.562775989429514012e-01,9.563169044572661370e-01,-2.372130421389200272e-01,-7.731285882347485039e-01,-3.980480269181603248e-01,5.469313938835103084e-01,-9.266303473026644699e-01,-2.127894659057628424e+00,-4.519969243196136355e-01,3.103603531708096774e-01,1.383746434741340292e-01,-6.847770881314636515e-01,1.134815125545023173e+00
-1.100179510244795988e+00,-7.125438441144477109e-01,-4.834369061911623078e-01,-6.547781859485807265e-01,7.780732254825846184e-01,-7.507338731522988917e-02,2.191590228910367255e+00,-4.293255246718442053e-01,2.999528447428174149e-01,-8.048417502911677790e-01,7.594928650819146032e-01,1.271946776962247672e+00,1.535852059987204421e-01,-5.866338313280943240e-01,8.109805077078791058e-01,-9.457918149818074216e-01,-7.878959209394464924e-04,-3.643099797018721775e-01,-1.075616019713847848e-01,-1.134215983868102295e+00,-3.905229491158523913e-01,2.772691375146956183e-01
2.006212194906577206e+00,-3.604520349528588685e+00,-8.275446814405390539e-01,-5.199381473734427939e-01,2.071508092763246989e+00,-9.227771354043150520e-01,9.773955412835658163e-02,1.310424393332982440e+00,1.423682745245302250e+00,1.858213545527263921e+00,-2.291920143758923167e+00,-3.208612630028275792e-01,2.976266756268569624e-01,1.522863820469582130e-01,-6.151854541541911248e-01,1.541328808058407329e+00,-3.734690821478325318e-01,1.269907070799571214e+00,6.250671753674016395e-01,8.127583772569185738e-01,1.238790205011916612e+00,-4.692436885777243605e-01
7.542116779512799241e+00,-5.683610331794737291e-01,-2.006204910156295540e+00,3.338293253176171094e-01,-2.545134842794483987e+00,-6.337164477125366568e-01,-2.573769900255956089e-01,1.368613880979919095e+00,-8.670274074163313305e-01,7.221388675055331330e-01,3.506134362715191410e-01,-3.179716374316519101e-01,6.966857308565558293e-01,2.998011399496821605e-01,-1.396368274168470647e+00,5.542757907388912164e-01,-1.436131815169627846e+00,-2.970501340828686665e+00,1.047302019834078557e+00,-1.104327046161115877e+00,-7.256283213393384113e-01,1.157201046877427197e+00
1.126785403920278306e+01,-8.708901135856855547e+00,7.197157530737492426e-01,-2.624016653917372377e+00,7.017557657546585892e-01,-1.131614774677108137e+00,-2.458441221960361300e-01,-3.079559178156140220e+00,-7.268187576434179675e-01,-2.179339709076013598e+00,-2.861687230303019414e-01,6.862288408816552554e-01,-1.293386102813279537e-01,2.423649648681483471e-01,-4.922223761157364097e-02,8.541407644960470336e-01,-7.376162456775037235e-01,-5.568572487641405555e-01,7.110559419402373571e-01,1.542837462651819314e-01,1.162143646709480199e-01,-5.345961049948383392e-01
2.111109183113280441e+00,-4.416124833176012232e-01,-2.365255060808103327e+00,-2.488858770462681669e+00,2.319350659610226462e-01,-1.318813359411175945e+00,-9.942041453865788636e-01,-1.366025551876776101e+00,2.756833459163249289e-01,-2.262763473434863837e+00,-8.144477781031109198e-02,9.200938214222044165e-01,1.398882588527835757e+00,1.540497648221808014e+00,7.851279125703866102e-01,-1.788890366565296097e-02,-1.139438502484508842e+00,6.868806433292291569e-01,-4.232911649197273474e-01,-6.103790838785521089e-01,2.854723984624047417e-01,1.272322471658113407e+00
-7.211144901220074566e+00,1.717071024222948661e-01,-1.395274970157153849e+00,-2.931988048715391398e-02,-1.621117426163578568e+00,-8.255409027579387882e-01,7.056089473504043585e-01,1.204906639623180009e+00,-3.228218612906184060e+00,-1.153574861581240896e+00,-1.425217922858279085e+00,1.500475864309302743e-01,9.899017798114996269e-01,2.639410237889611155e-01,5.713399654130212335e-01,-4.992622127229530693e-01,2.194771729704612984e+00,2.849515652929831555e-01,6.484801335365756314e-01,-1.548269872145717208e-01,-7.868793221589030773e-02,9.109595777055626842e-01
2.389285425586802625e-01,-3.631172940605246202e-01,1.735445926414919349e+00,-4.093567675981997223e-01,-1.933234668951825164e+00,-1.244045258901087525e+00,1.605505452539783828e+00,-8.012004865489255612e-02,1.328392843650699762e-01,-8.814174893292425761e-01,-1.539276805770374512e+00,-2.205895357963214121e+00,2.817901633726510036e-01,-1.480714426919602422e+00,-7.524711435291745465e-01,-2.997652396635393235e-02,1.290187323176728240e+00,7.256181101015540813e-02,-4.841626965262144089e-01,-1.813347778135267208e-01,1.911545103676868917e+00,7.422317012572984818e-02
9.059060093551424941e+00,8.512228617399446584e-01,-8.491300618934995159e-02,-8.104987475220144511e-01,-2.330104403158487492e-01,-8.285145372723630164e-01,1.093573213185393911e+00,3.957372600502232496e-01,-1.547863409099077936e+00,5.471959946380473561e-01,-9.003897555917891871e-02,-1.798682348763531502e+00,1.659589787302976904e-01,-2.562140889314408754e-01,1.387968885861529778e+00,-8.261227896193840126e-02,-1.209479636238791844e+00,-4.242763185469771159e-01,6.735505032321290608e-01,-1.344123913202478704e+00,5.764706201916833805e-01,-1.276305695854965894e+00
5.565364572823326306e+00,2.808312072897824141e+00,-1.352196113475093719e+00,3.321358376134352919e-01,-7.546723914279378498e-01,7.374784273778756116e-01,9.449260453278951477e-01,1.847316090988732729e+00,-1.066655730542127145e+00,-4.400464338133615039e-01,-2.043071674842103835e+00,7.980187576086452683e-01,-6.274055316268492000e-01,5.859654906590856527e-01,-1.503002807368758464e+00,-3.464718658194846368e-01,-4.489463033887242660e-01,-5.950575391965973182e-01,1.003722313039721259e+00,3.941255120256606514e-02,6.941152320425492128e-01,-1.488551962538450457e+00
2.179314719375446074e+00,-1.786888924985885474e-02,-1.181858560830143130e-02,9.651494788518059087e-01,1.873691495177586264e+00,2.057722453515387961e+00,1.415833730794379200e-02,-1.402787590512353688e+00,-1.886305352388250589e-01,8.888348065588440594e-01,4.917838969820793049e-01,-1.535809888890806163e-01,1.085892695524494966e+00,6.311642234444803101e-02,1.521262909318925161e+00,5.712686390212775578e-01,-4.630365169645508372e-01,-2.754256093806898287e-01,4.491708356826450976e-01,-4.051384801707472172e-01,9.961039635779177503e-01,-9.840881360306400483e-01
9.546737326402695345e+00,-5.595884927111808294e-01,2.030345009956978863e+00,1.084368882245686061e+00,-1.540922265875355857e+00,6.973570651578540058e-01,-2.870591806493788756e+00,2.527012395497885588e+00,1.603333137950234910e+00,-1.246321402716693783e+00,1.493813324950532540e+00,9.892580550328413658e-01,-3.060562062199631561e-01,-1.364863702140350687e+00,7.418450640254470319e-01,-4.106789418789341117e-01,-1.141527047281706064e+00,1.469769298011903036e+00,5.338315468329626889e-02,-1.163442696087433115e+00,-1.126887582449355385e+00,-9.182839578455954666e-01
5.084829180124606829e+00,3.009951985137901076e+00,-9.003021810302235250e-01,1.024249632029585522e+00,1.017690347743243962e+00,-1.377121089119067054e+00,8.884113389796619575e-01,9.202651567142435818e-01,7.355159443311025669e-01,6.650609729130203540e-01,-1.371107933051582517e+00,7.636721677713065315e-01,9.650451414304532793e-01,-1.329063578242848820e+00,-8.534310959991747714e-02,5.207334925934410386e-01,1.075551039467784298e+00,4.960792831971637673e-01,1.461192750234258542e+00,-6.171073839867665667e-01,-1.041574841492297399e+00,-3.689322232487536601e-02
-3.523798267953705210e+00,-1.394589894230457983e+00,-1.560357187360432718e+00,9.808578829389426046e-01,9.212408872605089005e-01,2.282220289295207927e+00,-7.494858453516335395e-01,6.916908615755670287e-01,3.878882702187411158e-02,3.224731781720632462e+00,1.303977644279647796e+00,-1.502557242552086336e+00,-2.646882433785105460e-02,2.832495006439214591e-03,1.250918732681407519e-01,7.166006827053985617e-01,1.337187533730612721e+00,-9.220691727857026621e-01,6.143384769943318613e-01,7.103390539577623952e-02,1.578296499170112333e-01,-6.500915109371374623e-01
6.810560725521535019e+00,2.995660097470316696e+00,-6.377886187019737863e-01,1.206988777863484241e+00,-4.110792031578728301e-01,1.302272444625660830e+00,-2.018488552542282211e+00,-2.249677208650215920e+00,1.583995882409457989e-01,6.128982433595761004e-01,7.734857301224641324e-01,-4.214505887903577941e-01,3.420747488894411714e-01,-1.137716870445447892e+00,-6.386408883517902257e-01,-6.784248643609711582e-01,6.926409519271663484e-01,-5.414171024417606670e-01,5.454194862174490677e-01,5.473090516725793719e-01,-6.935930326503186860e-01,3.971405496474689767e-01
1.460599556440510316e+00,1.322704676632412646e+00,-1.946629516071392452e+00,7.280006253203864519e-01,-8.366328586301492454e-01,-2.510160926206690846e+00,-1.104658849928453312e+00,-1.385562635279711685e+00,-2.083579716851064578e+00,-5.344148654550013866e-01,6.202868631499902641e-01,-9.032087954834205901e-01,-1.573294329979192663e-01,-1.447817651396757777e+00,-3.897254349610566049e-01,2.921861544885401840e-01,1.815732272920405621e-01,6.820637313726214401e-01,-1.690915779878030323e+00,5.775977068997061314e-01,1.027859807620095101e-01,3.386930815816688312e-01
-1.338439345918420065e+00,1.314721167768297727e+00,2.045913062671393057e+00,-5.750206025699666768e-01,1.317911849385664302e+00,6.068797937811457599e-01,1.351210552356636452e+00,-7.011194901690220860e-01,1.042346620887208558e-01,-8.275154524419574553e-01,-5.932427542620161143e-01,2.421430662236095377e-01,7.476025897614255733e-01,-1.484362306526037623e+00,-4.739722368927724166e-02,-2.575511729623116211e-03,-1.232510874889636010e-01,-2.113715082614274487e-02,-6.537053589340802162e-01,-1.888061386952304826e-02,-1.436712005615548682e+00,3.128919133519949408e-02
2.640984640018780638e+00,-4.137500314390509248e-01,-6.211639583149073385e-01,-6.051256724578991247e-02,3.303890811994630167e-02,1.100159194189284317e+00,2.319858569399662951e+00,-9.359077384968148561e-01,-1.305390866478573608e+00,8.196464539760858203e-01,1.328222838267671069e+00,-8.895467189196809565e-01,-1.071956495163663536e+00,1.762755339715878222e-02,2.520173103880634091e-01,-2.546147286144474720e+00,-1.113861173868776699e+00,1.753244082073716736e+00,-1.228862375269518692e+00,6.245868962699380189e-01,-5.303642263437478022e-01,1.146832688502305242e+00
6.967237864985843743e+00,9.734245968925596681e-01,1.231177040884818608e+00,2.126836432811892497e+00,6.510132904219254057e-02,2.230924947908516920e+00,-1.310688442074948945e+00,1.125277815924660141e+00,7.411446727195622475e-02,-8.847507893249044741e-01,4.117712674744962165e-01,1.228295464685442706e+00,7.240962661045874382e-01,-1.711983643971330959e-01,2.905906099737278314e+00,1.085655054522020879e-01,3.465618195293731496e-01,1.700499434621372874e+00,4.364182552066099841e-01,3.344259203965550542e-01,1.714911925120574665e-01,-2.959633669740065198e-02
3.154264748850748923e+00,-1.617085457615726085e+00,-2.417408090911913998e+00,-3.509249036732485227e-01,-7.940311035188285516e-01,-1.097657791493194424e+00,1.492477610256485399e+00,5.569436243155355681e-01,-4.160058403840186103e-01,-1.175270804251224543e+00,1.898775214972502789e+00,-1.375338818942194674e+00,3.044697659333369888e+00,-6.370538799479624759e-01,3.240287418218333326e-01,6.363986623806819343e-02,5.919054901589142492e-01,-2.086891576209588262e-01,-6.284079359942159604e-01,1.010719151808921135e+00,1.155939890323798735e+00,-8.850258972346662922e-01
1.226237626769495659e+00,-7.403341660699748472e-02,1.514684897738538538e+00,1.158932017050098295e+00,1.218791473490149047e+00,-3.220812067108244081e-01,4.458537904522555384e-01,1.057263884554879574e-01,-6.009833254753952358e-01,3.690194099586754928e-02,-9.368596921648052467e-01,-3.965067833302300948e-01,9.582283523379689916e-01,-1.631561666399598820e-01,1.619186978935601928e+00,3.180644407977029631e-01,-4.818063213948052259e-01,-1.911739960018402629e-01,-3.179552887670917816e-01,-1.453160901421406637e+00,-5.016923577689715724e-02,-1.888614842423008977e-01
-1.054537127231327531e-01,-2.993111962454343189e+00,6.454436295027146109e-01,-3.638745475136043184e-01,1.320221224481068045e+00,2.519895538985650330e+00,-1.308819140069140019e+00,-1.790907235220395410e+00,-1.771332218108482071e+00,1.473973389037969151e-02,-1.014044110374312746e+00,5.198267877978490770e-01,9.299751853296871484e-01,2.299580205357437124e-01,1.592981469213609891e-01,2.453003162864131892e-01,1.447368822073040184e-01,-4.662693291232559989e-02,-7.844847968949208994e-01,-1.148012153787090206e-01,1.100712923835528212e+00,1.219058774820263702e+00
-5.170003820915747283e+00,5.242673491081448756e-01,1.707705254022524155e+00,-1.167720200786368734e+00,7.331200634453954867e-01,-8.967336896542612568e-01,2.095908455210481858e+00,5.838266787842160549e-02,-2.428063151970798916e+00,-1.038009386436409276e-01,9.966885094275634849e-02,-2.280828125245429883e-01,-2.243578695591132988e+00,-3.860899804518254652e-01,2.141502007180147993e-01,-7.305793696892842748e-01,8.976998545412968877e-02,-1.555382929744109077e-03,1.582223978872673575e-01,1.587886171993143192e+00,-7.540484933788312860e-01,-7.964687588868304413e-01
-3.660217798566519853e+00,-3.200223477818681328e+00,1.434141855984621072e+00,1.774061634638712581e+00,-7.334784921105671485e-01,9.801015895830665903e-01,-1.352351258428993730e-01,-7.738347023522785806e-01,1.007793304343654328e-01,2.094356652749178593e+00,-1.468103073264772629e+00,1.117861286332450188e+00,9.644059364972737969e-01,-8.364764030093435609e-01,-2.457337320487053556e-01,-9.368119371504524118e-01,1.334050629913508867e+00,-8.980898847938587615e-01,-7.462527768725680799e-01,1.171094070372615592e+00,-8.692052134607172187e-01,1.597408161849233621e-01
-1.541781749223179787e+00,2.201557501468605516e+00,1.537628908397676408e+00,1.586388630564359969e+00,1.753905223560134452e+00,7.200582431977498032e-01,1.513906164155600087e-01,1.439162896148415138e-01,1.529337258504603669e+00,-1.809222587090649759e-01,-1.176798058474550768e+00,1.117962550272973532e+00,1.063368373707322068e+00,8.500032271396604222e-02,2.295874659206808832e-01,1.132691224810268293e-01,-1.724817110270893350e+00,-2.293415748807575705e-01,-2.545644973505113984e-01,-9.179025248212375754e-01,-1.182253834296829453e-01,6.336416217089877456e-01
1.410990170564335733e-01,-1.144780550941463249e+00,2.661417811072311235e+00,-2.453511286935732560e-01,-1.090014086022101036e+00,-3.564253786392362344e-01,-7.254633222353458200e-01,1.728385513339606216e+00,-2.061080157213371344e-02,-6.371678165508626313e-01,-1.546214858285625826e-01,-2.438458285749650845e+00,1.404108250118054402e+00,1.176860854776783594e+00,3.163801055939240436e-01,3.657970067593779295e-01,-1.939948503661070189e+00,1.482057562243529025e+00,6.525021061326340133e-02,-6.378877652048636770e-02,-1.075830066322803064e-01,-1.730247367020962268e-01
-5.565813503559905229e+00,2.166755321605742690e+00,-1.055283001553687150e+00,-8.771821851314627605e-02,1.169131746393503146e+00,7.051125114600624577e-02,1.264756422750073162e+00,-2.465809547041136973e+00,5.150654526869558048e-01,1.261112447975439643e+00,4.090993093944280123e-01,-1.354744957417253426e+00,-1.276906835037208976e-01,6.615838915666113484e-01,9.141648113086671135e-01,-6.391932428565059165e-01,-1.404846339074212747e+00,-1.185906124499273018e+00,1.677309095097684610e-01,-7.059979360343907606e-01,6.222193518506407006e-01,-7.364825223744183580e-01
1.950031688295377430e+00,1.391060016197240845e+00,-2.015913923370234784e+00,1.991318250797013745e+00,-1.053455995100582854e+00,1.469912307192549505e+00,1.897963758833012715e+00,2.753998462555992122e-01,7.693392375741306966e-01,-5.516957329961183487e-02,-8.110418308680104049e-01,7.373841299917545111e-01,3.111672714912522286e-01,1.196399499765101071e+00,-5.466757105991352228e-01,7.624852434234159482e-01,-4.389292336698049635e-01,1.778787559722497802e+00,-6.922229369425144663e-01,-1.235010671792852455e-01,8.447990653403387729e-01,2.431044519087069700e-01
-7.294956107782809340e+00,5.383012579472453707e-01,6.975503417832018549e-02,1.491805721700072418e-01,1.454409989583484997e+00,5.823347343512838004e-01,1.256004365256962574e+00,3.564590311762843022e-01,-1.266289537303123769e+00,-1.269767597260251124e+00,-4.528903169790983174e-01,-1.069677031081484042e-01,1.294455698863975712e+00,-1.167352141482855821e+00,-1.386538438107152993e-01,1.857776988682490860e+00,-8.797146094083114765e-01,1.023270212337809904e+00,2.019816447538654303e-01,1.832030948711530050e+00,4.784066280755965295e-01,9.511911706843957648e-02
2.615391266221486877e+00,-3.697851012329652853e+00,6.423368999790171063e-01,3.478211677203314700e+00,1.205919350198257467e+00,1.761321864300147366e+00,9.070251300555159935e-01,9.602765298783164649e-01,7.973563347051497718e-01,-1.359537711116820979e+00,-6.933428211382896000e-01,-1.294262104809029035e+00,-1.756044928383724946e+00,1.069397532000150530e+00,-8.546904520545767214e-02,-4.586525316033850941e-01,-8.342077134342190670e-02,-4.428699063602844488e-01,-7.637578013787116316e-01,2.704628959999894056e-01,3.706142824776019196e-01,6.880653114245306456e-01
-3.702147021019361439e+00,3.290827910344761964e+00,2.495757686048885871e-01,-1.404898923513281661e-01,2.756613756080398492e+00,-7.265012630681888517e-01,-2.039742765011410275e-01,-1.630671959322261833e+00,1.367425045217324886e+00,4.897044376426969436e-01,2.710696252988805455e+00,-3.384308808511852229e-01,-1.533584849669684447e+00,8.121653455399951982e-01,-1.683505234105351078e-01,8.147805089561617198e-01,1.473610986746342333e-01,9.718548079635954684e-01,-1.198374026020142535e+00,-1.294682640548459940e+00,1.328071135645937151e+00,-1.318762928615432595e-01
3.760442260557341321e+00,-1.994375817564126852e-01,1.519219128672541830e+00,1.365493283327099183e+00,3.541559859403609067e+00,-2.118418220734075152e+00,-5.864678884669022318e-01,1.469614654770310169e+00,-1.287647709607210533e+00,-1.905858066445466070e+00,2.637008237666834676e-01,1.893576653741574356e-02,-8.313457379041060136e-02,-5.196707728459087905e-01,6.219150225761229667e-01,-1.745420006816860159e+00,1.643134315768256526e+00,4.680711649990989542e-01,-2.359147380972473340e-02,-9.848284725169849096e-01,-3.099681901232098635e-01,5.424701537921560179e-01
1.574577620819087143e+00,-1.640756147725941638e-01,3.392078913613010838e-01,3.532562037560973867e+00,-1.203120179019610880e+00,-8.592735581486307672e-02,1.467866375319825112e-01,7.119826776353153086e-01,1.983035032031885470e+00,9.246194899051138893e-01,-1.730653106504786098e+00,-2.100103076568140104e+00,-1.313013038254748022e+00,-6.464722003670858586e-01,-2.488958362271727343e-01,2.882862385609461647e-02,9.061890995861472398e-01,-4.484451708366722356e-01,8.592702830709399997e-01,5.270627892912412849e-01,-1.699925077986516597e-01,-9.976323153956599965e-01
1.162487863532048316e+01,6.521181870787111645e-01,2.298936649061410264e+00,1.137892126002409299e+00,-1.106591477265035151e+00,-8.166243718760453074e-01,-3.024875033795101920e-01,-5.444937307849270214e-01,6.576969625945550124e-01,1.347676985524527637e+00,6.515184092696688634e-01,-8.724721883182252613e-01,-1.582723063102054128e+00,-2.505755107156746320e-01,-7.496460003714551235e-01,-5.370071425526212749e-01,-1.168227387159270214e-01,-1.511201165342842323e+00,6.058169489954083886e-01,1.320919279339121566e+00,-1.960994591923418962e-01,-5.160324629116951056e-02
5.258846644918559576e+00,-3.007240247237565001e+00,6.948458116265738838e-01,7.256824069262667321e-01,-1.609011580757128357e+00,1.317704907695513628e+00,-2.602612603470687791e+00,-2.238638459556777427e+00,-7.259735237607414238e-01,1.513013959857434365e-01,9.635493104246649620e-01,1.307550422672200119e+00,2.475232157095089036e+00,-9.031028750163554164e-02,-1.600296138571426718e+00,1.979780040684253617e+00,2.120514050048869503e+00,-1.059221006831078782e+00,6.879871727536355230e-01,2.037705872667935347e-01,-7.656900334813146469e-02,1.768686681681038708e-01
7.857683200707502813e+00,4.488602627637864328e-01,-5.118630456194573908e-01,9.116648637707029934e-01,3.358738901411278288e+00,-3.067600116051217851e-01,3.282796466324385820e-01,3.140972162578635207e-01,-2.221942851834544097e+00,8.580645182027900608e-01,2.920404293905797255e-01,8.403949351822809222e-02,-5.260825895978367139e-01,1.306913799475169835e+00,-3.414140543746806422e-01,7.143745881737855186e-01,1.028363644544654010e+00,8.315720767610064179e-01,-7.594733499621214579e-01,5.928461871207415523e-01,4.216034772419511856e-01,-1.082794974892866247e+00
8.888183679970079965e+00,2.649912622018944397e+00,-2.864898538102367276e-01,1.283486625543779791e+00,-6.313032579429725955e-01,-3.688305859973661782e-02,-6.870284433697454451e-01,8.146503256318178288e-01,2.685353508945421686e-01,-7.284157800726231979e-02,5.331280224201323525e-01,-3.008579952533811941e-01,-2.676114877039640905e-01,3.081546876373398858e-01,5.149501096396910671e-02,-4.354668007970580179e-01,1.209454018519316332e+00,1.017607255300644553e+00,-9.758669978048478688e-02,8.852011132352057832e-01,-6.898308836007942535e-01,7.148791834277418156e-01
-1.120406384154967405e+00,1.389735697428617245e+00,-1.374781603038586208e+00,2.487454609573120923e-01,-7.154991007803801484e-01,1.025521404477186982e+00,-2.857127564629291960e+00,-3.913377025789671615e-01,-2.465571692160170580e-01,-1.426022783477354783e-01,-1.041917400967528495e+00,-1.312238002055657660e+00,9.160138737972264300e-01,5.127000010499502825e-01,6.484716618262479360e-01,-2.136648447980767251e+00,-3.880876021267780085e-01,9.778816082313618319e-01,1.315018917785937547e-01,-5.482560645909551056e-01,1.348402986612239118e+00,7.623470606978567377e-01
-4.466180824167686580e+00,1.244861447587070291e+00,5.256409704989165599e-01,3.773948227291747948e-01,-3.800278697763628255e-01,-9.679278838150348618e-02,-1.549818069107006702e+00,2.168533775088544724e-01,-9.872141023096876467e-01,-8.311705606052199879e-01,-1.862395650332938191e+00,-8.695620531984111778e-01,-1.667657208240072464e+00,-9.798808483776322298e-01,-3.309584483840688485e-01,-1.205545400969129988e+00,-1.959676620037906214e-02,2.770274657390960349e-01,1.476574955852204551e+00,-2.740980802178897835e-01,-5.807699801371302151e-01,-3.104321316403374498e-01
-7.954353416909478725e+00,-2.428682690235036135e-01,2.329896369662864952e-01,-2.155741356543543485e+00,2.302508396797518508e-01,-1.583861050512249957e-01,2.005199891887736285e+00,-8.086069662308219552e-01,-2.355144252614940203e-01,4.022557291416883896e-01,1.353418204401241332e-01,-5.430935004214109130e-01,3.148142166547251097e+00,8.132681181954275473e-01,-1.305330839480345340e+00,-2.599906289295210171e-01,-2.532425857671882774e-01,5.119476143561427217e-02,1.111335690499249962e+00,5.534490345121607646e-01,-8.539152300128489692e-01,-6.077993727799677615e-01
-2.939712706059964376e+00,1.102076107633770397e+00,1.406874864214437970e+00,1.786568802141661472e+00,-1.841006816264658008e+00,-2.351137240029571585e-01,-1.081240129557314633e+00,-1.284419749495364638e+00,1.233933747165960604e+00,-2.885293540829665659e-02,-7.047789494010701095e-01,1.321935265038663987e+00,-5.599283979087196217e-01,8.431329411510826710e-02,2.970363124699288426e-01,-3.985175498748609324e-01,7.804107009442972087e-01,7.784973587720563915e-01,1.172714310682229311e+00,3.604909983747627278e-01,-8.349856163041379231e-01,8.891357858124036007e-01
-7.311980576592108427e+00,7.054446375638745437e-02,-1.707020119608574138e+00,1.511768048947429000e+00,-1.146583105632102084e+00,7.306348808495708447e-01,-5.879919235741946082e-01,9.032966515115314898e-01,1.349164318477944491e+00,-2.755087615475312890e-01,9.710592599446207229e-01,-3.512819945630550889e-01,1.686588230351361961e+00,-5.357625175380350546e-01,-3.740800272446420105e-01,-1.839612497209571762e+00,-1.618998986280928420e+00,1.306732841257722821e-01,2.572677128009028813e-01,-7.443646749242363025e-01,-1.158577359151511832e+00,3.477905368534289776e-03
7.626741731618409403e-01,2.008130326241854835e+00,5.760774883869920204e-01,1.769132247766569188e+00,2.095939005706896729e+00,-5.416761593221470772e-01,-3.708309901542040099e-01,-4.545325291682762447e-01,-3.196383564113301490e-01,1.101797467519665535e-01,2.012892314162709528e+00,-1.181525916538102461e+00,-1.166947316104865351e+00,6.469819178561809769e-01,-9.947466453642195283e-02,1.171341083114270099e+00,2.701587376617232694e-01,6.590863460463004531e-01,4.931853126253729624e-01,-7.119479388741457859e-02,-8.601492404882735143e-02,-4.783577870722056646e-01
2.793853631557947192e+00,-2.718945288073619793e-01,5.440329977507484260e-01,-3.899272200189671245e-01,-2.762237919525259766e+00,-3.037452771418049369e-01,-9.216528657793695567e-01,-1.369672932538084975e+00,-7.605497521852151444e-01,-9.689172612591475664e-01,6.966113129176601526e-02,-4.513038341295481093e-01,-2.267109128924287842e-01,4.458620915929085160e-01,4.480051812649771259e-01,2.823253937151775847e-02,-2.193298130644170396e-01,-6.499066876277325155e-01,-6.708780102245802679e-01,-9.544377986276433301e-01,6.255588794385225082e-01,-2.416353085165258152e-01
-8.981926079090960968e+00,1.320425439398342782e+00,2.574533267711774709e+00,-1.662660658584479867e+00,1.325914049437769693e+00,1.591223077943282993e+00,-8.458252960090709704e-01,-4.875468229019715993e-01,2.366258143145783255e-01,1.940873511725570433e-01,8.836926624720579104e-01,7.906046286224517328e-01,-2.936288937092544349e-01,4.369883264412716684e-01,-1.088700776194718500e+00,2.467373932283323523e-01,4.765492999756026915e-01,8.028316826210540880e-01,-7.224169246213197892e-01,-6.159756743313264948e-01,3.114534667282879976e-01,4.676998304668356643e-01
2.791261588176901842e+00,3.127478624822577213e+00,4.921557195363038595e+00,1.454607670966321153e+00,-1.908753002287521428e+00,-1.223548437259450505e+00,3.516793126258407565e+00,-1.003900192192076712e+00,1.241498090936648951e-01,-2.521390218184252241e+00,2.250738140934711140e+00,1.316075899825553397e-01,7.527743882535045117e-01,-1.495023649533692378e+00,1.997927399605200049e+00,9.551124308802219076e-01,-1.020495863184265606e-01,-9.447662414625841443e-01,-1.705915778047965570e-01,1.069068252954423537e+00,1.328983718781576506e+00,2.379397459727497152e-02
5.080360698487059068e+00,-1.214304382007546979e+00,-1.812876142579008754e+00,1.031932228974071553e+00,7.606070746891697709e-01,4.838029263180716466e-01,1.148156679825257376e+00,9.188593778945758350e-02,-1.909506657517984207e-01,-1.722106490293396019e+00,-1.421645786283589841e+00,-1.620595311718641574e+00,3.578282461179859153e-01,-5.176700401397402729e-01,-2.060248857607614725e-02,2.769605756605124092e-01,6.237513356024435573e-01,2.576060908628697854e-01,-6.906912473033715028e-01,-2.554928739676352034e-01,-3.979566046168267479e-01,3.306355299860351815e-01
5.144016908958730205e+00,3.169698342893664922e+00,-1.784536453922308752e+00,3.203245595316578154e+00,-1.889158247491570797e-03,-1.477985734494093872e-01,-1.857953071920451504e-01,3.858686316927202320e-01,2.997566279106881337e-01,-3.860914548070932262e-01,-4.876448991848830739e-01,-2.173762616728616592e+00,1.203033672190513492e+00,2.178830391230338837e+00,-1.292104783882963126e+00,3.886028285771835761e-02,1.095914308114814606e+00,-2.341666643735101916e-01,-1.203958909197692106e+00,1.128025465052822085e-01,-1.235266707281893028e+00,-7.589198863609178392e-02
-4.805188627555914138e+00,1.231119235451133775e+00,3.476492504875364098e+00,-8.752693197975314719e-04,1.902409494483849328e-01,-3.447103144407118180e-01,-2.437949551839661666e+00,2.184009113099016020e+00,-1.246191074586081360e+00,5.719211199061388640e-02,-2.127637475839691816e-01,2.395632167048717509e+00,1.222467882410123607e+00,-1.361322763003344427e+00,-1.745130444359789923e+00,-1.510853535716272456e+00,-4.486506563950994897e-01,1.156942722185193839e-01,-8.190159258000666576e-01,1.783681204125336484e+00,-2.981635956511438645e-02,-1.923877469077946545e+00
-4.704330501843453582e+00,2.542283971295889788e+00,1.746396715586076009e+00,-5.349777837762358379e-01,-8.790181404202092041e-01,2.269063791426391585e+00,1.027428438679125478e+00,1.186147505894827869e+00,8.371361716045582213e-01,-2.285123843934107946e+00,-1.129102005740247883e+00,-1.324887045224018234e+00,-3.982811920184946564e-01,8.569200941248769077e-01,-1.179710768010867744e-01,-3.899135983859045584e-01,3.251457080480096851e-01,5.934284256713147077e-01,6.957382217509052724e-01,7.104986476239789628e-01,5.995966266173809872e-02,3.252761784132131573e-01
7.429744627024303938e+00,-9.606703519623525089e-01,8.259392248281210991e-01,-1.090971739835363108e+00,8.305706007838618010e-01,3.865998800193718665e+00,3.237006226046244439e+00,-1.295519725711480885e-01,8.548072411402788395e-01,5.192814140226478248e-01,-8.904183659479128488e-02,4.212089226127427311e-01,-1.441711142046954830e+00,3.705233170668836284e-01,6.402603261216508468e-01,2.553773664302431134e-01,2.414559147501478265e+00,-4.588330948437672197e-01,5.872173178894553036e-01,-7.562607716037472727e-01,5.965721109104352715e-01,1.961823154885790343e-02
6.934503266804535215e+00,9.710872370243213425e-02,1.701838729925529536e+00,1.173865785986963450e+00,-2.644581591387415997e-01,-1.518621273037939146e+00,-1.517006040305681758e+00,-5.507452700472617035e-01,-1.007928104204632191e+00,1.837050682177219896e+00,-9.033338951728676902e-02,5.941861106508411483e-01,-2.613094313677438163e-01,-1.466687067537415512e-01,-4.546644482773803259e-02,-7.346116348492339743e-01,6.189605945002596421e-01,9.450015785238767840e-01,1.796934579827817569e+00,-1.041139876939869202e+00,3.988571892933766017e-01,-3.597974525813821822e-01
3.165792493103641192e+00,2.713154758797282184e+00,-3.670695901023649510e-01,-8.111479769257390338e-02,1.606757654310856598e+00,-7.245672212279452573e-01,-3.099868899897617602e+00,-2.044711605063115556e+00,1.936927982158603012e-01,-2.421088585341443222e-01,-1.958283053895366610e+00,-9.242191755067407088e-01,-4.587079941906058167e-01,-9.291912817365647337e-01,5.528068178234674113e-01,-4.719331657486883908e-02,-5.993457296182638228e-01,-1.046398276834676011e+00,-7.026583645200408235e-01,-2.615107891325899048e-02,-6.076802809794292770e-01,-3.740267475767055649e-01
-6.178308224359065903e+00,4.057478227645667346e+00,1.595625401424213274e-01,2.103082710169684066e+00,-1.874950056681106147e+00,-1.914542660048882183e+00,1.168028054967553464e+00,-7.929423347025560398e-02,-2.055057000759465680e-01,6.743150448010675202e-01,-1.395112970741240632e+00,2.101739951300051423e+00,2.462907211494352322e-01,5.390887536421394843e-01,3.263179197746561844e-01,6.924092634737142316e-01,-7.241266597802224758e-02,-5.632011418208817677e-01,5.810278210109409702e-01,-6.527301588591278847e-01,1.918274027699513828e+00,9.790567728765081634e-01
2.591584296280792454e+00,7.956965774153742510e-01,-4.897067145326246540e-01,3.066544487017233145e-01,-3.136446216828016720e+00,-1.419365321570341010e+00,7.692997605310140097e-01,8.534245893400493888e-01,-9.213437086065927595e-01,3.758944290309296221e+00,6.857217790646145117e-01,1.013610242196503419e+00,8.133501783236246618e-01,-7.812812081585415180e-01,-2.042866155556502528e-01,1.117763754833644319e+00,8.181920003496377936e-01,1.154167083789910064e+00,-1.357661884531924823e+00,-3.036505194138438557e-01,5.508083242092882970e-02,1.590403477524137132e+00
2.829538794006300151e+00,-9.067135666788082027e-01,2.725440440900170014e+00,-3.581125989046985980e-01,-1.944668557100360351e+00,-2.208366883065740360e+00,9.050426018973930509e-01,-2.085432244000994917e+00,7.261569502674865006e-01,-1.997215703860720781e-01,-1.441174407882214181e+00,-4.327469125894890523e-01,-1.080431445837172877e+00,-1.368029085780636755e+00,-1.015293298830035829e+00,3.463579554570046515e-01,-2.586076061841300899e-01,1.587622371171716118e+00,-2.066823745493739650e-01,-1.068705544673293151e+00,1.942715094163597056e-01,-1.512212599442794847e+00
2.203655603309456090e+00,-1.300184842177482869e+00,-8.688997230510687730e-01,-1.494478189609304009e+00,7.414022648916558378e-01,1.993892128525894591e+00,-4.530209963610705437e-02,-8.715767814460061436e-01,-2.604454875240361567e+00,2.908604904080592579e+00,-1.385713762881143785e+00,-5.575561964604767995e-02,1.301293221558917079e-01,-4.196454113282158463e-03,-3.687047223132460250e-01,4.235456447584152184e-01,-1.727988029604437870e+00,6.236736483035432155e-01,5.245232956244095801e-01,2.368670607575953102e-01,-5.237657150215836444e-01,2.189131738699729990e-01
6.170911209119982921e+00,2.531853594859041046e+00,1.453560713203254862e+00,7.357425772540560072e-01,5.639714384964276128e-01,5.086895371900742591e-01,1.021826195759040878e+00,-1.103394408980165275e+00,-1.180606789046074051e-01,6.946590135460162241e-01,3.376183001083515323e-01,9.945766183949471539e-01,-2.772677589586743374e-01,-1.573763190173053994e+00,5.216054287618739904e-01,2.945178825210333362e-01,-1.376700040046567430e+00,-1.084606613707388423e+00,-7.818441232518404116e-02,4.288640690858311344e-03,-9.332687749487647011e-01,3.149394234004128101e-01
-6.074998831773251950e+00,2.955419615394509592e+00,2.093754464811152793e+00,-3.341029093307348874e-01,1.597924507376806469e+00,3.807918147408955178e-01,-7.079503134386593288e-01,7.402453254981179454e-01,-1.183058817373667360e+00,-1.725233569168020953e-01,-3.377970437331054843e-01,-8.580520363817178975e-01,7.866445626754239306e-01,8.344922099764576218e-02,-5.578587662768539346e-01,-6.905691522657871895e-01,1.039173007584326180e+00,-6.567639491316525913e-01,9.606528671567123034e-02,-7.603553237848440505e-01,1.366502338287434615e+00,-8.738521185514382950e-01
6.128670892304543649e+00,1.353878205227975473e-01,1.719479395462235161e+00,4.921982192531621503e-01,-2.278769316582007320e+00,2.382305432762641395e+00,1.221962914049835369e+00,9.987523389991027623e-01,-9.721629593185008300e-01,8.422050043483642057e-01,1.930034078976292866e+00,1.092913546403713854e+00,-2.152365029329180723e-01,1.646570044231699059e+00,1.181667557264152735e-01,-1.222134552347690084e+00,-3.122175197554050152e-01,-7.754365857779377258e-01,-8.087322276525761300e-01,-1.061953421651782081e+00,-5.521786545661728773e-01,9.406491778593818742e-02
-9.798164165456855201e+00,-7.020798001390140541e-01,5.542391458551654271e-01,1.720847904131217687e+00,-2.451923565964999607e+00,6.656275191807138336e-01,-1.353788014785806126e+00,-2.094524460784349951e-01,-4.291250929348554344e+00,-1.279580292338506453e+00,-7.767317125547511525e-01,-1.066716761267831881e-01,-1.388498260559406949e+00,1.147226848256845511e+00,4.835420232729727985e-01,2.628682516734087704e-01,-5.140000194489505736e-01,3.268963618077195266e-01,8.997144616267905848e-01,-3.117123533110409683e-01,-1.046741500116833867e+00,-7.260991282269146918e-01
9.111308419044261697e+00,3.049353239534389193e+00,4.763001498138197953e-01,-4.402140866054180535e+00,1.983291745139636131e+00,3.530606955914083134e+00,1.983039211605577945e+00,9.750721431737557898e-01,-4.017732898789868057e-01,-3.809159626392988329e-02,1.291359836166531272e+00,8.704731226283768386e-02,1.353691083581952004e+00,-2.674675507120831686e-01,-9.553650214241553584e-01,-1.233019469653866107e+00,-5.910965538237311634e-01,5.404000096370370487e-01,7.419504944301569260e-01,1.758650384221152274e+00,-9.389631138535668997e-01,5.983738114759485915e-01
-3.934491318857548325e+00,-1.727878048361926044e+00,4.983337595527236097e+00,1.895923814219146797e+00,2.193594179219931384e+00,-1.692031189275315706e+00,-4.615919417418040127e-01,-5.410264238893126576e-01,-1.083522192492349934e+00,6.409823596077183216e-01,4.034028768550697586e-01,1.387087593321590040e+00,-3.640625676082870910e-01,2.576467788278980375e+00,2.396057824844084194e-01,2.142112211313166092e+00,-9.235882706347061655e-01,-9.944223830157602473e-01,-7.695519300097908300e-01,6.592842122128281246e-02,-1.046115610291677100e+00,-2.153041866063836740e-01
2.363738308693483781e+00,-1.436683651080565838e+00,1.174068243471675821e+00,-1.048416041644584018e+00,-2.220302591381604351e+00,1.373562404898952316e+00,1.311764088059849565e+00,-2.035691148444254583e+00,1.045018185919261988e+00,1.616886860545958537e+00,-1.405592745496235807e+00,-2.337285815398221778e-01,1.139334471063786269e+00,2.278108645195058291e+00,1.457124919489904968e+00,-4.032638218113351325e-01,4.046960169265284013e-01,1.627388864708967375e-01,-6.001222658130745957e-01,-3.689808474116396120e-01,1.482363200262671876e-01,-1.287741806102321362e+00
-6.198794885750419148e+00,2.902342865187423904e-01,1.873779350423897094e+00,-2.977618500469576102e+00,-9.571844318643115690e-01,1.070226894664604966e+00,-1.075043304535581834e+00,1.190120795989035168e-01,6.782309654266861498e-01,-4.177232675813017382e-01,-5.809711266488322146e-01,-1.554695302800018775e-01,-5.746793646626423557e-01,7.707588657640922492e-01,1.443883951915613917e+00,1.074761471532255985e+00,1.908046497638932470e-01,4.033669640200117090e-01,-2.159246445696466343e-01,1.078548844533826934e+00,-8.041590753574029415e-01,8.978603673912874950e-01
