1120,735,1868,1545,370,3483,6415,3247,1046,5457,2644,3247,1558,3529,721,1513,1482,820,1571,1451,4056,1364,5199,4163,537,5549,7158,5425,3714,4430,315,389,289,2230,1253,498,1952,1489,408,3625,5986,2932,1204,5503,2925,2772,1885,3310,673,1267,1445,618,1252,1365,5009,1156,4920,4180,575,5453,7088,5687,3692,4062,206,394,488,2233
1076,881,2021,1894,383,3366,6366,3294,776,5305,2802,3777,1891,3879,842,1542,1801,1019,2093,2120,4096,1416,4288,4102,803,6206,7607,6700,3808,4253,296,389,444,2198,1336,722,2349,1733,335,3724,5766,3839,867,5475,2984,4386,1609,3683,685,1380,1975,705,1361,1675,4352,1172,5178,4416,741,6414,7836,6035,3808,4570,310,496,605,2131
915,549,2798,1652,449,3366,6795,3639,927,4861,2453,3452,1701,3747,719,1266,1555,756,1387,1749,3775,1291,4737,4498,819,5958,7301,6036,3623,3364,286,446,374,1915,1187,478,2636,1584,447,3234,5215,3871,1073,4671,2456,3480,1727,3441,749,1302,1648,618,1166,1672,4498,1138,4838,4068,608,5557,7695,5352,3692,3788,193,407,485,1954
855,716,1541,1589,404,3349,5077,2646,859,4716,2343,3123,1567,3301,628,1474,1569,763,1750,1554,3843,1146,5064,3563,611,4868,6860,5537,3241,3569,258,427,311,2038,895,566,2106,1626,377,3058,4865,2778,1071,4878,2781,3133,1822,2506,718,1309,1905,535,1269,1418,4004,1075,5485,3544,549,5084,6883,5708,3544,3934,225,453,544,1902
884,764,1823,636,426,2524,5200,2851,1036,4449,1965,2577,1777,2891,575,1088,1329,642,1373,586,3469,1140,3941,4376,592,5180,5310,6352,2824,2948,243,382,271,2081,936,437,2377,1385,470,3176,3413,2467,774,4448,2190,3089,1609,2395,631,1071,1313,576,1135,1554,3349,914,3876,3202,407,4861,6524,4890,4412,4476,253,458,349,1740
979,846,2370,1549,318,3090,5526,3271,1100,4242,2607,3205,1776,3389,664,1519,1347,791,1451,1637,3927,1220,4878,4037,641,6047,7128,5956,3660,3855,255,442,379,2149,1207,533,2591,1575,370,3399,4855,3559,1248,4774,2822,2864,1892,3602,645,1317,1774,645,1251,1140,3949,1147,4488,4192,952,5802,7749,5282,3608,4218,165,436,467,2266
1053,758,2579,1419,403,3998,5672,3333,1050,3744,2908,2470,2012,3652,820,1188,1726,688,1529,1327,3829,1100,4555,4431,553,6073,7070,5919,3611,4188,285,445,350,2289,1017,621,2753,1416,518,3632,4892,3951,1019,5081,2910,2643,1681,2959,791,1344,1866,579,1368,1049,4064,827,4788,4208,724,6133,7558,5431,3764,4358,180,474,389,2265
1065,854,2871,1639,397,3539,6349,3619,928,5517,2752,3490,2120,3819,825,1388,1739,837,1615,1571,4442,1566,4749,4176,768,6448,7817,5897,4122,3830,361,383,313,2155,1238,1031,2936,1663,371,3745,5359,3316,1105,5940,2694,3638,1821,3302,826,1392,1705,618,1450,1462,4269,1584,4496,3843,1071,6327,7315,5213,4307,3990,238,487,476,2088
867,778,1425,1205,290,2491,4542,2314,730,3240,1971,2633,1605,2858,682,1055,1259,687,1054,1318,3158,1009,3335,3064,713,4936,5461,6037,3222,3199,296,428,268,1951,896,562,1295,1341,288,2718,3202,2827,743,3662,2256,2629,1487,2593,603,934,1160,548,1163,1338,4269,968,3322,3039,722,5150,5661,5012,3347,3733,241,432,418,1925
1070,718,1739,1940,404,3602,6176,3103,1058,5282,2333,3167,1776,3596,690,1550,1255,795,1256,1496,3703,1195,5139,3868,717,6342,6612,5966,3799,4092,326,406,275,2098,991,756,2238,1639,511,3674,4271,3616,1030,5012,2449,3307,1452,3511,673,1142,1419,667,1212,1552,4218,1115,4943,4247,926,6018,7233,5771,3895,3884,202,453,453,1890
1244,807,2220,1720,340,3583,6199,4206,1194,4958,3164,3150,2401,4384,811,1570,1469,1005,2451,1361,4803,1228,5652,4563,565,7206,8648,6774,4736,4863,306,395,533,2626,1295,883,3069,1657,361,3602,5193,3526,1354,6534,3124,3459,2422,3412,915,1323,1755,762,1800,1330,5534,1361,5883,4520,1181,7031,7808,6269,4986,5096,256,562,669,2699
966,653,1825,1460,387,3308,5684,2850,832,3560,2284,2814,1718,2941,690,1314,1052,719,1391,1294,3465,1053,4408,3555,466,5067,6696,4677,3523,3322,227,440,330,2022,1023,537,1769,1398,347,3112,5020,2662,1049,3731,2210,2806,1755,2604,695,1047,1542,529,1278,1070,3907,1056,4668,3495,602,5349,6134,4633,3532,3457,234,463,438,1869
919,550,1732,1314,296,2661,4417,2976,712,4091,2324,2927,1384,3056,617,1188,1306,782,1434,1405,4075,976,4172,3373,405,5069,5501,4673,3088,3207,237,361,287,1802,848,432,2017,1360,398,2965,3839,2779,885,4225,2398,3110,1315,2477,634,1015,1436,553,964,1276,3473,1027,4396,3271,426,4961,5957,5158,3252,3813,159,445,409,1878
1035,806,2137,1670,415,3697,6924,3838,1178,5408,2509,3427,1623,3650,822,1604,1704,840,1872,1550,4558,1228,5037,5004,713,6889,7632,6259,3462,4309,264,496,368,2290,1165,758,2188,1631,392,4073,5881,3771,1242,5713,2915,3162,1755,3309,832,1152,1607,583,1063,1513,4593,1225,4514,4936,837,7025,7801,6203,3631,3889,197,522,450,2452
1061,770,2392,1541,438,3247,6584,3056,891,5286,3073,3807,1885,4099,840,1869,1616,994,2047,1574,4804,1453,6062,3572,1011,7213,6605,5333,4057,3304,324,480,346,2703,1161,654,2460,1518,470,3525,4473,4143,1010,6194,3099,3255,1918,3307,776,1323,2098,768,1597,1425,3952,1130,5236,4169,874,5691,7572,6400,4455,4310,203,486,612,2416
1120,834,1541,1284,333,3037,6112,3405,729,3613,2447,2824,1795,3172,596,1485,1064,666,1318,1226,3793,1403,4145,3266,691,5480,6840,5110,3287,3433,288,425,281,2353,1079,596,1997,1219,294,3438,5681,3404,896,4908,2430,2459,1328,3473,693,1146,1282,538,1082,1002,3847,1036,4163,3406,739,5002,7790,4645,4095,3122,193,541,377,2080
984,774,1647,1260,363,3258,5086,3004,868,3677,2407,2461,1547,3026,703,1323,1077,621,1414,1130,3834,1230,4542,3559,626,5793,6156,4770,3506,3325,278,369,308,2030,1050,644,2059,1055,355,3128,4082,2998,759,3983,2497,2375,1588,2949,788,1297,1395,581,1066,1011,4071,1127,4680,3358,744,5528,6423,4505,3439,3324,156,404,418,2019
1441,814,1798,1621,394,4058,7511,2611,1179,5166,2664,3603,2213,3752,932,2223,1287,673,1716,1781,4696,1440,5610,3883,997,6529,7777,5536,3425,4351,293,412,331,2509,1142,840,2379,1349,367,3898,6108,3562,1401,5031,2897,3559,2096,3224,741,1395,1549,687,1498,1459,4824,1345,4579,4549,1075,6522,7401,6620,4172,4619,192,557,446,2470
880,702,2151,1388,313,2663,4176,3021,678,3839,2742,2506,1664,2803,476,1178,1307,669,1559,1625,3543,806,3944,3456,587,4878,6382,4658,2999,3534,200,380,304,1753,822,535,2357,1420,378,2789,4287,2957,825,4451,2616,3083,1479,2126,630,1264,1489,595,1275,1507,3501,949,4031,3201,626,5136,6102,4748,3011,2985,159,380,400,1777
744,882,2228,1297,330,3043,5796,3017,718,5117,2297,2705,1771,3504,672,1436,1571,633,1500,1156,3791,1295,3841,3371,615,5200,6390,5052,3104,3263,293,427,279,2538,1204,717,2489,1460,470,3108,4118,2785,793,4983,2533,3108,1587,2945,758,1171,1563,498,1298,1219,3883,882,3758,3298,696,4927,6812,5182,3514,3566,170,503,505,2159
889,605,1943,1458,392,2922,5709,3212,785,3933,2366,3224,1828,3071,565,1288,1138,660,1386,1395,3290,965,4014,3656,387,5674,5905,5255,2944,3095,243,334,259,1740,1031,505,2054,1260,397,3218,4782,2990,884,4202,2529,3229,1325,2632,646,1094,1332,596,1141,1282,3573,892,3888,3505,667,5213,6272,4673,3184,3851,180,431,409,1965
1167,872,1889,1657,285,2917,5581,2919,953,5332,2337,3598,1724,3178,703,1434,1161,808,1725,1767,4103,1378,4354,3564,676,6216,6295,6109,3428,3458,174,382,291,2161,1360,397,2354,1638,318,3177,4377,2896,1014,4627,2584,3802,1522,2846,635,1156,1793,631,1289,1674,3840,999,4555,3721,754,5623,6650,6901,3855,3888,161,444,335,2031
874,744,1567,1514,210,3088,4758,2762,674,3902,2062,3145,1653,2896,735,1341,1308,714,1660,1504,3406,992,3663,3061,584,5400,5443,4407,3421,3062,242,397,315,1819,972,504,1912,1523,245,2681,3871,2869,761,3987,2417,3348,1324,2887,741,1082,1527,592,1094,1283,3533,911,4346,2845,738,4564,6062,5016,3246,3160,157,425,394,1886
1020,936,2004,1432,425,3449,4911,3368,776,4197,2175,2696,1685,3519,721,1310,1256,799,1662,1402,3588,1161,4435,3517,702,4922,5743,5162,3655,3438,201,431,329,1946,984,648,2232,1445,333,3301,4273,3354,865,5039,2580,2684,1510,2940,623,1074,1825,635,1207,1213,3919,874,4837,3592,859,4659,6503,5358,3638,4239,137,448,479,1909
1262,1117,3295,2019,372,3849,6960,3593,1272,5442,3319,3263,2291,3915,844,2275,1904,948,1874,1867,4513,1667,5546,5335,1007,7326,9501,7302,4218,3720,359,394,425,2621,1497,619,3073,1809,374,3394,5582,3610,1179,5309,3175,3808,2380,3598,886,1709,2159,657,1737,1698,4393,1583,5715,4675,1005,8476,9198,6656,4540,4973,241,374,656,2716
712,662,1594,1178,535,2578,5048,2556,657,3463,2006,2372,1464,2356,589,1271,1183,674,1246,1198,2909,976,3675,2970,634,3897,4628,5231,2624,2964,294,366,307,1798,1199,428,1600,1183,515,2692,3432,2335,609,3909,2063,2283,1574,1965,670,1178,1482,486,1116,1026,3492,714,3734,3108,647,3514,5394,4870,3292,3227,208,433,465,1724
1013,953,2396,1519,294,3469,5514,3312,780,5077,2578,2891,2068,3250,681,1464,1329,710,1584,1357,3677,1448,5165,3363,769,5808,7066,5380,3197,3416,279,345,362,2090,1033,565,2016,1529,291,3340,5094,3218,993,5017,2683,2853,1828,3230,755,1046,1571,747,1458,1328,4047,1258,4763,3387,750,6097,7101,4865,3655,3251,209,378,428,2070
974,895,1941,1415,247,2803,5537,2482,718,3643,2064,2712,1566,3339,620,1461,1426,618,1314,1474,3477,1164,4253,3385,703,4806,6191,4745,3215,3252,301,401,254,1851,1110,557,1990,1106,285,2882,4638,2794,879,3730,2142,2759,1430,2761,637,1173,1476,477,1178,1137,3955,1166,4337,3410,540,4855,6138,4537,3313,4038,262,411,379,1887
890,1049,2567,1803,458,3740,5490,3071,1032,5896,2358,3578,1952,3772,664,1422,1681,784,1708,1756,3944,1214,5218,4603,787,5800,6996,6524,3773,3953,275,453,330,2058,1155,580,3001,1982,486,4084,5534,3601,944,4527,2621,3788,1977,3466,713,1341,1731,743,1025,1796,4102,980,5485,4162,745,6150,7771,6449,4080,3701,206,546,413,2107
842,774,1817,1282,287,2750,5687,2589,826,4040,2347,3043,1486,2883,661,1237,1024,656,1308,1391,3336,1058,4197,3286,716,5462,5417,5594,3210,3216,336,414,309,2059,881,510,1650,1237,313,2712,4736,3150,965,4349,2525,2924,1623,2832,651,1137,1156,588,815,1373,3690,848,4475,3320,640,5140,6546,5036,3242,3253,263,442,522,1899
847,712,2054,1610,355,3405,5846,3482,741,4176,2163,2890,1910,3515,696,1534,1432,683,1547,1368,4035,1437,4487,3992,743,5984,7283,5454,3802,4115,305,398,509,2407,983,622,2645,1221,366,3081,5056,3786,981,4705,2430,3225,1534,3542,625,1498,1871,566,1345,1219,4368,1394,4441,3733,760,5296,8050,5268,4091,4986,222,524,594,2371
1258,1059,2297,1693,491,4426,6233,3696,1113,6243,3154,3557,1955,3908,871,1285,1824,977,1874,1618,4348,1355,5651,4507,796,6604,7809,6429,4243,5039,268,455,419,2461,1390,693,2815,1767,719,3964,5835,3985,909,5447,3170,3820,1772,3404,978,1705,2033,753,1488,1540,4445,1488,5311,4086,1059,7196,8667,6685,4221,4657,214,598,565,2388
884,625,1893,1593,267,3065,5726,2435,755,4179,2347,2898,1610,3247,631,1519,1271,612,1514,1517,3622,1302,4508,2911,457,4755,5320,4765,3005,2945,192,401,315,1825,1176,702,2297,1503,310,3357,4269,2514,852,4272,2417,2887,1622,3058,654,965,1424,508,1277,1210,3535,1045,4206,3474,753,4400,5799,4867,3501,3472,172,420,400,1839
977,671,1741,1476,267,3076,5171,2718,754,4439,2063,3129,1704,3621,789,1172,1471,803,1212,1677,3908,1009,4744,3842,617,5487,5690,5441,3359,3690,268,489,241,1909,1176,503,2127,1661,455,3276,4623,3731,723,3698,2350,3227,1556,3356,711,1258,1314,612,1299,1537,3757,1101,4504,3486,535,5748,6134,5304,3387,3529,196,443,388,2003
895,848,2235,1678,379,3433,5663,4065,985,5418,2548,3134,2038,3673,643,1441,1713,673,1819,1678,4393,1150,4869,4512,854,6076,7297,5438,3620,4049,258,373,279,1995,1161,836,2356,1608,443,3523,5348,3704,1162,5104,2710,3168,1837,3407,633,1373,1953,677,1453,1547,4351,1313,4817,4333,1058,5886,7448,5740,3766,3937,235,479,578,2042
1099,692,1937,1755,519,3624,6203,3240,748,3921,2492,3230,1996,3646,749,1596,1149,784,1434,1464,4096,1376,4930,4610,753,6004,7205,5548,3632,3325,228,458,349,2208,1158,670,2001,1568,396,3581,4899,3621,908,4231,2793,2514,2098,3462,595,1331,1688,581,1217,1191,4405,1417,4684,4117,917,5335,8002,5661,4004,4071,201,413,524,2379
842,722,1592,1430,284,3020,5214,3138,873,4562,2478,2721,1830,3430,532,1448,1171,762,1405,1502,3606,1183,5298,3848,664,5838,6730,5342,3421,2993,243,366,327,2245,879,507,2162,1270,333,2692,3812,3158,916,4419,2673,3066,1778,3117,558,1416,1295,537,1189,1262,3830,942,4571,3697,739,6091,7544,5132,3875,3623,239,476,414,2216
1062,947,2985,1354,290,3794,6255,3213,981,4360,2912,3169,1934,3705,689,1541,1430,934,1742,1560,4392,1257,5161,3667,766,5217,6436,5134,3495,3471,265,399,284,2157,1090,846,1913,1443,420,3026,5667,3290,890,4781,2870,3536,1568,3472,703,1397,1718,601,1344,1457,4694,1138,6870,3762,967,5852,7363,5165,3440,3320,270,491,416,2271
1052,905,1890,1484,238,3029,5134,2577,962,3954,1963,3192,1422,3198,536,1148,1398,574,1717,1529,3680,1172,4888,3620,675,5264,6127,4981,3634,3205,266,306,354,2328,961,602,2317,1511,320,3212,4574,2793,848,4155,2229,2915,1382,3060,630,1103,1879,484,1396,1476,3985,1310,4478,3209,516,5285,6308,4821,4358,3422,170,455,439,2265
731,505,1435,1352,361,2787,5421,2910,721,3493,2020,2566,1548,2654,469,1206,1040,766,1565,1292,3442,959,3541,3659,454,5605,5968,4836,2693,3153,237,400,288,2063,844,631,2163,1163,367,2555,4042,2888,821,4279,2328,2498,1356,2722,578,1158,1323,621,1203,1073,3537,1175,3830,3252,566,4951,5719,5293,2843,2932,191,432,376,1985
903,724,3260,1909,541,4026,6741,4532,1204,6016,3145,4085,2337,3900,813,1661,1856,876,1408,2068,5402,1336,5144,4442,845,7079,8511,6616,3910,4820,326,628,437,2533,1093,921,2949,1944,637,3723,5459,4422,1179,5321,3192,3991,2351,3418,969,1387,2305,655,1226,1931,4655,1223,5098,4944,1124,6249,8072,7387,4466,5468,205,463,733,2396
694,710,1600,1094,239,2366,3790,2575,872,3653,2147,2437,1394,2394,628,1026,733,634,889,1028,3155,986,4034,3205,584,4410,5331,3951,3079,3376,277,321,300,1654,989,654,1806,1053,249,2456,3263,2750,875,3222,1798,2288,1257,2449,679,1077,1012,483,947,1121,3145,956,3509,2824,693,4371,5666,3577,3234,3208,191,392,329,1556
929,537,1709,1231,346,2880,5527,2896,685,4062,2395,2601,1586,3025,666,1279,1271,668,1339,1147,3341,999,4598,3029,501,5022,6375,4470,3246,2938,279,433,373,1951,1087,607,2148,1355,394,3004,4558,3054,832,4258,2336,2371,1756,2912,637,1039,1477,586,844,1002,3310,964,4101,2987,645,4601,6755,4443,3627,3533,185,483,546,1990
791,800,2062,1765,285,3113,4965,3338,1013,5032,2455,3514,1835,3078,602,1307,1268,817,1522,1974,4143,1096,4218,3856,672,5881,6279,5765,3227,3846,275,468,291,1916,969,834,1615,1928,381,3474,4099,3358,1101,5817,2798,3301,1730,2845,654,1146,1673,690,1474,1937,3929,1070,4327,4075,976,5483,6586,5290,3540,3992,211,455,407,1962
1066,748,2588,1805,349,4259,6048,3561,1293,5794,2932,3195,2189,3936,816,1448,2003,884,1736,1419,4285,1495,5491,4909,700,6766,8164,6150,3729,4602,378,512,361,2430,1301,891,2780,1593,447,3530,5108,4003,1279,5904,2991,3826,1845,3255,792,982,2208,756,1597,1367,4957,1416,5072,4787,1103,6218,8627,5655,4049,4645,174,425,395,2439
946,736,1416,1387,255,2873,4466,2377,759,4373,1804,2911,1583,2914,524,1024,961,644,1235,1385,3169,937,3682,3178,574,4633,5887,4796,2895,2730,303,417,323,1999,938,542,1750,1304,325,2552,4090,2493,769,4253,2244,3106,1578,2663,482,964,1115,615,1258,1222,3113,949,3921,3321,572,4261,6228,4302,3632,3242,134,387,394,2005
722,615,1362,1257,322,2523,4584,2729,734,3310,2000,2325,1433,2775,478,1010,993,641,1068,1261,3433,931,4029,3579,427,4454,5681,4422,2813,3351,225,396,327,1838,956,480,1495,1128,344,2776,4351,2367,735,3793,1978,2597,1207,2298,642,1067,1163,428,1106,1107,3446,940,3640,3021,448,4446,5989,4198,2881,3268,159,383,456,1606
972,708,1721,1647,222,2885,5126,3357,721,4169,2294,3125,1786,3390,636,1660,1258,632,1236,1662,3447,1235,3798,3534,576,4996,6326,5211,3268,3780,241,305,370,2317,1149,417,1816,1643,363,3170,4589,3240,719,4202,2490,2874,1931,3139,629,1267,1417,460,1086,1358,3218,973,3872,3450,599,4843,6910,5029,3462,3873,180,416,444,1952
934,672,2046,1496,346,3252,4995,3435,999,4924,2344,3593,1820,3450,715,1467,1466,704,1504,1722,4035,1074,4841,4145,717,5578,7438,6013,3517,3740,228,367,287,2166,1090,823,1785,1731,423,3237,4965,3291,885,4486,2619,3668,1929,3063,545,1187,1794,563,1241,1821,4080,1252,4497,3957,797,5462,7368,5849,3743,3879,222,490,443,1869
877,516,2409,1530,219,2796,4796,3348,1004,4754,2317,3216,1583,3555,660,1672,1476,744,1577,1651,4117,1229,4891,3502,658,5398,6898,5746,3461,3268,255,435,281,2054,1123,751,2605,1322,387,2929,3964,3303,1028,4279,2395,3041,1505,3101,698,1453,1753,582,1360,1383,4420,1051,4550,3520,801,5068,7132,5776,3677,3715,211,456,480,1851
905,1159,2550,1565,379,4186,6024,3806,1053,5191,3325,3922,2265,3911,861,1526,1934,826,1837,1914,4153,1526,4935,4744,951,6859,7207,6721,3557,4565,342,511,327,2275,991,721,2626,1596,552,4281,5548,4078,1171,4916,3198,3582,1980,3380,791,1254,1741,739,1270,1725,4428,1568,4940,4763,1029,6430,8244,6900,3663,4884,214,526,415,2294
1100,669,2146,1422,295,3211,6520,3228,824,3905,2718,3081,1887,3477,671,1386,1357,820,1330,1292,3710,1247,4473,3532,606,5393,6873,5037,3394,3716,292,419,261,2276,1363,735,1728,1274,375,3020,5379,3819,787,3981,2513,2917,1715,3604,785,1251,1536,614,1093,1060,3886,1191,4372,3614,880,6241,7060,4888,3417,4010,208,381,410,2095
885,635,2106,891,456,2894,4982,2881,709,4763,2251,2335,1560,2685,649,1508,1474,641,1462,1033,3290,1219,5083,3501,646,6445,6503,4866,3203,2763,274,367,313,2399,845,424,2323,1400,358,3039,3512,2530,795,3882,2387,2982,1677,2852,789,1396,1406,564,1165,1314,3482,858,5325,3111,721,6486,7271,5046,3289,3655,236,392,386,1980
1346,782,2396,1535,408,3644,5430,3995,1026,4547,2858,3200,2012,3636,732,1754,1486,950,1380,1391,4518,1327,5341,3743,535,7080,7718,5150,3688,4858,293,443,357,2380,1013,1099,2739,1361,398,3572,4533,4048,1223,5239,3039,3209,2217,3211,871,1522,1870,680,1323,1252,5199,1293,4825,3821,945,6531,7736,5919,3882,4545,170,510,471,2189
1200,728,2870,1877,330,3774,5479,3070,1180,5658,2788,3849,1939,3704,727,1521,1319,808,1746,1971,4396,1560,5489,4413,866,7364,7458,6512,3531,3985,201,416,389,2292,902,804,2695,1678,482,4194,5210,3545,1616,5633,2883,3824,1901,3223,888,1286,1776,671,1571,1629,4599,1526,5463,4418,981,6435,8157,6370,3936,4005,177,474,486,2245
1091,868,2963,1651,348,3655,6939,3736,1006,4726,2909,3634,1873,3947,1044,1542,1442,890,1832,1700,4101,1422,5256,4403,721,7282,7748,5476,4227,4190,262,408,352,2436,1098,797,2847,1591,408,4087,5855,4142,942,4262,2899,3554,1953,3749,1069,1203,2024,733,1310,1623,3882,1410,5015,4275,776,7285,8205,5325,4409,4560,220,452,525,2158
888,502,1368,1583,391,2926,4855,2665,1032,4410,2387,3198,1557,3051,645,1175,1102,659,1263,1729,3921,1160,4159,3460,452,5154,6391,4645,3023,3686,203,382,283,1900,973,737,1606,1503,370,3240,4415,2887,882,3743,2169,3117,1436,2603,731,1185,1259,576,1105,1301,3618,1184,4573,3427,597,4955,5871,4921,3203,3484,155,449,376,1867
777,536,1702,1360,264,3111,4238,2202,801,3747,1729,2456,1325,2501,746,1192,1008,528,1091,1326,3147,896,3884,3401,466,4786,5723,4465,3206,3083,244,426,264,1661,867,635,1798,1226,334,3045,4305,2588,747,3644,2062,2432,1649,2358,748,1026,1110,377,1117,1087,3213,1015,3763,3275,557,4497,5909,4643,2936,2701,187,392,369,1750
893,1140,2857,1433,341,3315,6283,3556,1016,4477,3011,3266,1937,3737,763,2147,1434,843,1948,1521,4715,1337,5574,4255,971,6935,7828,5555,3608,3569,226,443,319,2452,1356,691,2845,1300,387,3522,5123,3449,1118,4835,2964,2578,2492,3210,838,1716,2158,753,1691,1061,4835,1545,5974,3987,849,6520,8086,5403,3942,4394,242,506,491,2434
796,594,2136,1337,268,2052,4238,2491,789,3144,2101,2672,1644,2995,582,1440,1507,550,1558,1097,3058,1003,4198,3280,530,4585,5915,4195,3204,3210,295,285,277,1968,818,636,2452,1039,284,2375,3887,2306,671,3427,2504,2445,1907,2481,681,1328,1815,635,1198,968,3313,937,4092,2893,777,4278,6027,4025,3355,3277,163,416,388,2160
814,748,1826,1273,391,2850,4301,2580,786,4210,2064,2559,1472,2709,675,1372,1200,566,1177,1315,3613,1235,4081,3654,747,5240,6241,5318,3149,3187,257,336,299,2129,976,603,2318,1251,415,2955,4026,3039,832,4336,2276,2261,1790,2484,637,1538,1421,478,1111,1024,3781,1196,4566,3174,663,4664,6392,4534,3145,3390,178,386,375,1889
887,691,2306,1485,277,2830,4684,3665,1053,4328,2577,2796,1851,3486,610,1404,1593,707,1447,1506,3680,1324,4746,3354,743,5281,6675,4875,3415,3482,235,435,352,2142,889,717,2469,1284,380,2505,4225,3825,897,4419,2662,2872,1871,3337,636,1476,1706,579,1224,1287,4367,1392,4617,3019,856,4858,6827,5286,3204,3061,229,448,454,2098
1033,961,1734,1458,292,2871,6059,2975,1008,5162,2653,3268,1742,3846,714,2143,1439,836,1411,1613,4755,1540,4834,3802,820,5790,7109,6471,3698,4666,335,427,289,2476,1200,550,1827,1199,344,3163,5195,3718,853,5179,2683,3243,1957,3518,839,1392,1708,525,1425,1327,4089,1172,6874,4355,736,5656,8103,5020,3686,4373,186,478,410,2107
901,711,2088,1106,337,3055,5203,2609,1183,4246,2581,3716,1671,3135,619,1204,1159,796,1475,1587,3487,1257,4662,4544,661,6004,5816,5928,3548,3017,238,452,390,1874,881,609,2412,1610,361,3129,3911,3267,953,4427,2885,3365,1949,3147,702,1192,1568,645,1157,1696,3988,1105,4403,3782,710,5174,6543,5108,3502,4027,213,527,607,2025
915,579,2679,1405,294,3170,4561,2657,1015,4420,2539,2715,1853,2734,743,1528,1345,706,1421,1528,4149,1321,4970,3842,777,6000,6488,5202,3736,3463,231,397,330,2471,1012,467,2886,1223,310,2941,3672,2799,978,4637,2741,3055,1926,2466,696,1201,1546,539,1021,1254,4095,1103,5028,3779,914,5166,7563,5300,3628,3475,181,461,415,2252
1016,623,1783,1192,365,2803,5062,2830,960,4765,2171,3106,1453,3187,695,1233,1189,735,1395,1422,3678,1064,4076,3429,667,4898,6085,4563,3204,2949,268,351,269,1845,1037,596,2073,1292,296,3247,4219,2852,825,4845,2317,3254,1478,2982,673,1164,1457,547,1134,1278,3495,934,4432,3227,536,4351,6251,4777,3686,3359,163,408,402,1874
989,573,1822,1518,324,3197,5701,2725,788,4454,2558,2883,1871,2913,787,1169,1204,722,1423,1466,3495,1199,4632,3648,550,4420,6652,5301,3243,3153,289,420,305,1900,940,705,1788,1256,369,3714,4156,2896,918,4144,2414,2879,1564,2892,670,1224,1162,623,1351,1225,3684,1444,4586,3407,730,5012,6154,5601,3637,4193,195,463,551,1960
785,672,1714,1345,168,2863,4070,2446,746,3794,2102,2957,1479,2975,554,1324,987,626,1338,1378,3437,1050,4056,3487,513,4861,5381,4642,3197,3045,275,386,251,2039,928,617,2236,1192,365,2851,3414,2631,849,3567,2222,2962,1418,2531,602,1182,1278,542,849,1238,3317,1064,4053,3348,715,4126,5611,4776,2927,3413,139,453,389,1915
947,761,2282,1208,308,2817,4764,2842,735,4394,2384,2233,1816,2964,658,1363,1598,694,1381,1156,3774,1171,4435,3540,522,5158,6811,4337,3442,3109,235,478,331,1923,894,572,2103,1135,287,2584,4114,2777,997,4007,2514,2533,1835,2641,730,1115,1458,728,1046,1284,3794,971,4410,3446,847,5265,6454,4770,3377,3061,214,413,394,1717
1102,458,1807,1640,383,3171,5486,2950,765,4727,2632,3141,1756,3078,661,1676,1346,762,1456,1713,3948,906,5433,3733,669,6050,6660,4840,3127,2844,250,392,273,2145,1015,598,2329,1580,388,3429,4568,2913,703,5485,2573,3077,1868,2671,687,1366,1901,614,1048,1392,3905,1160,5113,3514,909,5993,6618,4064,3827,3508,199,374,379,2083
933,697,2060,1807,365,3442,5281,3194,1126,4672,2777,3573,1968,3524,840,1689,1630,772,1731,1687,4135,1187,5220,4541,536,5886,8808,6784,4094,4013,304,492,354,2600,1131,812,2359,1520,541,3447,4654,3118,1180,4486,2869,3840,2086,3328,809,1332,1790,647,1301,1497,4401,1544,5326,4442,1067,5538,8381,6814,4128,4904,210,541,407,2728
1161,754,2065,1495,365,3262,5407,3107,915,4121,2737,3276,1761,3102,618,1367,1280,757,1563,1463,3706,1310,4880,3825,493,5795,7102,5401,3442,4547,265,404,285,1896,1070,597,2105,1357,434,3496,3987,3079,901,4650,2602,3254,1745,2763,653,1253,2271,657,1055,1311,3792,1174,4706,3876,760,5253,7306,5308,3737,4825,185,448,385,1883
853,826,1509,1287,355,2602,5187,2730,778,4541,2289,3119,1750,3117,583,1365,1155,639,1089,1453,3402,1048,4327,3677,710,5238,6170,5068,3169,3823,301,393,264,2122,1072,452,2300,1272,480,2845,4929,2863,805,4358,2472,3325,2028,2561,616,1248,1562,576,874,1225,4089,888,4241,3275,634,5033,6273,5085,3189,3237,173,484,328,2032
1101,620,2042,1367,300,3464,4729,3297,871,4628,2562,2809,1740,3288,635,1336,1367,815,1930,1286,3608,990,4254,3353,558,6417,6153,4824,3430,3551,227,454,310,2190,1176,572,2250,1451,311,3150,4461,3480,841,4800,2807,2952,1666,3367,695,923,1581,642,1273,1159,3972,1026,4370,3321,754,5800,6484,4735,3533,3522,211,404,399,1955
749,883,2158,1454,320,3256,5180,3527,912,4374,2746,3059,1668,3318,828,1614,1314,642,1366,1567,3927,1039,4609,3854,793,5893,7160,5639,3683,4321,235,435,313,1914,933,596,2325,1184,503,3400,4708,3559,943,4578,3034,3207,1782,3205,805,1456,1598,542,1282,1279,4144,1177,4745,3694,651,6451,6272,5440,3687,3973,196,497,429,1952
834,737,1771,1051,315,2751,5057,2714,702,3639,2216,2433,1717,3000,813,1318,1594,741,1224,933,3334,1025,3709,3474,514,5223,5559,3940,3081,3306,271,398,267,2125,988,578,1981,1069,333,2532,4316,2916,871,3239,2176,2527,1611,3032,709,1231,1298,474,1104,805,3804,1042,4802,2920,637,5192,5576,4456,3324,3151,199,351,395,1873
964,692,1644,1395,331,2888,5703,3228,912,4260,2906,3261,2012,3546,622,1161,1473,822,1389,1597,3777,960,4581,3775,598,5305,6925,5303,3214,3307,268,496,289,2282,944,834,2155,1542,445,3276,4680,3263,909,4831,2760,3427,2153,2740,662,1258,1924,591,1501,1470,3718,1210,4479,3905,951,4616,6776,5497,3660,3751,207,526,388,2095
1019,665,1635,1516,250,3153,6233,3340,813,4622,2606,3152,1929,3224,709,1214,1239,859,1900,1835,3669,1148,4790,3462,484,5472,6763,5677,3284,2864,285,410,310,2291,862,692,1879,1723,407,3821,4743,2954,850,4588,2801,3608,1907,2611,660,1126,1526,653,1306,1794,4027,1224,4770,3408,790,5875,6447,5369,3477,3840,254,430,483,2068
995,937,2016,1585,306,3896,6922,2896,1083,5170,2847,2863,1987,4136,854,1393,1405,895,1673,1370,4048,1413,4698,4712,848,6873,8179,6904,4733,5109,262,371,456,2721,1327,920,2546,1337,442,3959,5789,3374,1226,5920,2871,2966,2351,4234,948,1184,1297,743,1111,1136,4436,1308,4797,4832,885,6700,8320,5872,4589,5303,224,502,584,2347
1017,1037,2257,1530,345,2979,5326,3139,887,3481,2494,2822,1882,3286,816,1772,1175,725,1315,1489,4160,1520,4538,3750,589,6577,7306,5543,3923,3914,235,333,378,2310,998,798,2552,1376,425,2957,4450,3116,979,4012,2633,2609,2160,3097,794,1320,1396,576,1002,1343,4343,1215,4467,3751,1109,6403,7077,5281,4410,3684,191,394,504,1971
1008,757,1923,1446,393,3171,5232,3201,686,4367,2237,2841,1862,2912,613,1462,1060,602,1350,1228,3877,1184,4540,3879,596,5816,6457,5143,3225,3623,309,375,286,2105,812,653,1823,1454,542,3050,4455,3582,1009,4798,2296,2973,1529,2988,665,1312,1317,531,1060,1089,3918,1268,4536,3557,801,5532,7180,5164,3188,3894,204,452,400,2133
921,742,1889,1509,290,2688,5208,2916,828,3982,2566,3281,1799,3001,650,1530,1183,712,1652,1546,3312,1225,4190,3326,705,5415,6288,4540,3445,2955,252,484,307,2124,1056,507,2035,1326,408,2964,3926,3135,970,4446,2703,3067,1671,2583,757,1243,1739,628,1192,1351,3417,1082,4263,3117,895,5319,6829,4979,3211,3375,158,479,436,1981
843,639,1914,1277,256,2594,4315,2952,897,4003,2557,2758,1801,3052,653,1497,1189,817,1791,1431,3267,1171,4529,4098,408,5889,6446,4534,3681,3201,263,412,432,2058,937,570,2349,1298,306,2678,4202,3000,1186,4520,2651,2564,1568,2852,757,1203,1954,604,1373,1268,3388,1092,4256,3664,655,5837,6469,4325,3844,3076,167,451,414,2005
882,494,1744,1521,198,2747,4816,2490,829,3479,2411,3223,1714,2636,625,1438,1077,754,1331,1612,3515,1075,4156,3844,471,5127,6420,5456,3265,3029,315,327,282,1915,1040,451,2242,1371,287,2474,3540,2413,968,4288,2395,3018,1389,2273,685,1389,1268,627,985,1372,3682,1089,4193,3458,855,5045,6884,4830,3652,3112,211,439,424,1793
811,671,1418,1084,252,2161,4691,2127,782,3948,2646,2850,1699,3056,681,1321,1146,745,1202,1186,3385,1081,3906,3347,505,5088,5786,4533,3323,3037,256,450,330,1746,1026,452,1643,1073,291,2251,4185,2345,751,4076,2518,3225,1690,2799,677,1310,1688,536,1123,1058,3295,1075,4268,3082,615,4713,6337,4690,2965,3358,171,433,356,1821
997,809,2183,1697,588,2945,5932,2854,703,4923,2647,3498,1967,3098,875,1406,1288,758,1177,1614,4076,909,4688,3476,676,4998,6863,5456,3378,3521,247,475,335,1956,1028,480,2057,2001,551,3288,4361,3108,1050,4926,2626,3166,1865,3004,945,1082,1593,601,1138,1580,4814,1035,4815,3494,876,5501,7132,5681,3707,3914,217,595,475,1857
765,599,1871,1202,298,2147,4159,2263,559,3165,1884,2020,1478,2334,426,1259,1178,498,996,979,2937,846,4092,2839,551,3993,5622,3965,2704,2459,261,361,309,1759,887,363,2263,1253,296,2310,3427,2760,594,3409,1849,2043,1290,2081,543,1149,1166,388,891,1006,3117,869,4054,2502,511,4452,5913,4131,2723,2613,183,416,376,1663
1040,772,2316,1157,364,3045,6188,2763,951,3940,2745,2830,1690,3052,641,1431,1607,813,1401,1220,3911,1563,5039,4293,831,5618,7405,5386,3509,3309,265,413,314,2259,1149,816,2534,1094,365,3096,4849,3196,960,4228,2557,2933,1692,2755,803,1477,1935,603,1365,1059,3957,1298,4731,3823,900,5538,7427,5317,3815,4183,177,456,445,2181
1142,666,2257,1770,334,3260,5640,3530,810,4635,2459,3145,1967,3735,787,1595,1464,829,1677,1791,3882,1145,5056,4167,646,5567,7741,5758,3800,3175,316,494,386,2242,967,615,2586,1583,429,3117,3892,3075,949,4923,2513,3099,1910,2918,680,1459,1997,594,1433,1461,4396,1371,4583,3927,927,5570,7113,5643,4741,5041,238,617,505,2178
912,641,1744,1309,289,2853,4844,2947,760,3831,2786,3052,1555,2864,680,1579,1181,786,1503,1371,3617,1040,4434,3610,708,4623,6205,4656,3162,3109,299,380,336,1932,911,667,2031,1302,303,3051,4641,3022,712,3998,2570,2788,1746,3157,743,1248,1594,588,1396,1249,3866,1080,4565,3396,773,4609,5999,4765,3314,3017,214,454,412,2156
799,610,1779,1547,321,3242,5061,3168,764,4573,2418,2677,1738,3298,708,1306,1218,668,1468,1376,3499,1144,3804,3739,682,6019,6069,4885,2899,2971,286,399,264,1774,844,684,1675,1407,267,2939,4316,2916,820,5029,2287,2825,1878,2812,766,1211,1586,595,1303,1202,3140,1032,3446,3482,717,5237,6553,5148,3012,3535,236,426,358,1821
1161,787,2156,1375,337,3428,6110,3273,930,4101,2730,3000,1788,3489,764,1497,1481,619,1586,1329,3913,1431,4782,4450,791,5565,6988,6263,3661,4719,238,397,409,2508,1055,607,2205,1318,270,3674,4958,3361,1058,4333,3027,3183,1818,3535,836,1260,1705,670,1067,1247,4046,1382,4711,4281,929,5538,7229,5944,4087,5170,229,505,461,2035
795,585,1592,1284,398,2938,5005,2503,820,3684,1945,3067,1646,2841,730,1368,877,601,945,1455,3587,1051,3593,3252,410,5002,5245,4396,2513,3231,239,395,245,1688,857,474,1719,1103,462,2901,3861,2853,814,4173,2321,2528,1367,2339,574,1044,1538,456,947,1105,3749,999,3850,3340,646,4311,5802,4020,3026,3937,164,457,349,1749
916,702,1881,1209,227,2682,4567,2338,765,3840,2290,2295,1506,2595,588,1317,1106,573,1193,1100,3527,1114,4227,3268,540,4752,5925,4567,3152,2744,237,354,200,1763,1025,549,2069,1085,361,2659,3930,2628,811,4078,2284,2158,1675,2388,617,1202,1431,472,1071,861,3635,1080,4044,3126,622,4522,6161,4480,3084,2955,184,422,363,1631
951,784,2391,1350,359,3031,5416,3199,965,4252,2658,2950,1756,3886,674,1308,1207,757,1333,1178,4093,1319,4674,4122,571,5482,6316,4493,3568,3740,269,507,382,2084,1230,686,2315,1316,376,2807,4795,2893,942,4644,2598,3345,1999,3183,732,1094,1693,691,1062,1069,4470,1114,4398,3968,814,5221,6594,4350,3817,3840,222,494,489,2184
705,728,1592,1108,238,2586,4245,2511,803,4346,2077,2511,1553,2310,501,1149,1377,661,1222,1176,3167,910,3700,2857,532,4085,5231,4058,2741,3188,217,326,288,1525,824,539,1480,1183,307,2893,3864,2809,715,3664,2078,2358,1204,2568,553,1076,1462,452,1095,1153,3090,783,3749,2776,450,3738,5474,4289,2656,3192,206,382,355,1671
792,746,1584,1325,301,3084,5078,2904,823,3618,2331,2732,1838,3113,514,1404,952,768,1379,1168,3211,1278,4354,3141,663,5689,7109,5180,3159,2898,199,461,339,1987,867,536,1682,1132,362,2964,3785,3117,767,3912,2614,2605,1718,3127,702,1388,1433,577,1016,1085,3670,1167,4353,2948,683,5319,7363,5085,3417,3606,205,455,463,1906
1059,899,2307,1667,295,3755,6663,3710,1111,4736,2393,3584,1802,3866,804,1547,1471,800,1585,1792,4676,1685,5769,4482,741,7001,7094,5501,3918,4407,241,455,338,2501,999,750,2630,1717,544,3945,5562,3838,1040,4957,2628,3764,2011,3441,670,1550,1879,675,1274,1694,4522,1339,5584,3851,861,6376,7687,6065,4044,3968,193,469,483,2296
830,725,1967,1325,208,2760,4646,2687,903,4257,2250,2582,1721,3344,623,1194,1385,711,1330,1445,3623,1108,4183,3592,611,4603,6241,4206,3277,3355,224,382,320,1860,890,566,2174,1335,401,2656,4427,3321,821,4351,2390,2520,1622,3122,706,1009,1377,557,1097,1269,3725,962,4441,3444,774,4795,6373,4337,2847,3063,194,460,300,1936
977,858,2330,1796,446,3412,5312,3104,1015,4461,2457,2914,1700,3890,696,1340,1262,751,1101,1594,3889,1359,4742,4329,773,4870,6725,6463,3323,3736,304,449,295,2206,971,678,1968,1541,513,3965,4806,3763,972,5019,2396,3019,1643,3179,692,1062,1869,602,1244,1393,4417,1284,4932,3875,954,4930,6124,5875,3437,3915,208,539,404,2068
1249,869,2576,1740,287,4305,7090,3719,1219,6419,2858,3514,1993,4564,851,1785,1895,880,1751,1637,4625,1343,5281,4886,775,7127,9058,5975,4745,4024,339,476,428,2587,1259,741,2569,1802,453,4030,6090,4266,1454,5010,3046,3982,1910,4451,904,1279,2049,643,1701,1731,4595,1399,4865,4649,1044,8032,7871,5848,4833,4443,265,563,572,2298
939,781,1814,1406,256,2812,5738,2656,726,3667,2487,3190,1624,2879,776,1481,998,655,1264,1670,3610,1172,4567,3227,550,5480,5320,4897,3596,3306,241,485,341,2226,1081,656,1534,1365,292,2792,4222,2595,762,3694,2445,3285,1421,2798,704,1284,1345,578,1190,1600,3880,919,4411,3064,679,4625,5470,5107,3476,2994,150,451,462,2022
961,754,1997,1628,394,3488,5195,2749,636,4272,2432,3157,1823,3242,680,1578,1468,744,1363,1580,3434,1135,4625,3576,544,5587,6266,4819,3504,2778,233,375,345,1986,921,524,2642,1694,265,3114,4146,3716,749,4686,2735,3335,1624,3034,518,1331,1747,608,1222,1699,3697,1092,4610,3353,722,5661,6265,4694,3545,2984,151,458,390,1906
923,561,1554,599,229,2430,4279,2028,735,3398,2121,2356,1372,2380,598,1454,1117,529,1112,825,2728,891,3892,3209,727,4248,5506,3632,3015,2680,258,362,261,1670,1165,514,1612,1211,303,2817,3520,2351,727,3356,2034,2420,1153,2214,643,875,1165,487,927,1219,3272,935,3485,2771,532,3820,4985,4089,3284,2805,133,389,384,1523
1074,654,1726,1399,309,3048,5467,3167,883,4094,2367,2638,1784,3416,658,1346,1037,744,1311,1190,3608,916,4542,3996,577,5577,6452,5070,3324,3610,249,515,315,1809,1476,960,2006,1215,488,2890,4796,3300,1016,4235,2641,2720,1645,3266,887,1226,1496,515,1119,980,3940,1134,4520,3728,801,5190,5653,4899,3467,3297,159,598,450,1819
968,963,2008,1474,340,3205,5192,3003,965,4523,2470,3174,1763,3720,745,1207,1455,901,1529,1487,3625,1139,3928,3833,988,5478,6905,5246,3534,3585,288,414,286,2049,1078,582,2327,1481,331,3134,5052,3139,903,4456,2537,2931,1721,3159,746,1123,1879,551,1309,1353,3397,1094,4216,3750,812,5103,7215,5211,4016,3910,232,408,431,1991
