-1.029738411017734334e-01,-7.188721077098333967e-02,7.470875004038528278e-02,-2.244265472649501769e-01,6.949124637665561599e-02,-8.943833856998166520e-02,9.617628984614448595e-02,-2.961652271216627663e-02,1.783417960273433744e-01,-4.515781746579469215e-03,5.015077736345590481e-02,-2.004027911997435241e-01,3.363768139429413329e-01,-2.134161271718803266e-01,1.131556607233681760e-01,-1.381554033074299526e-01,-2.175566798130124796e-02,4.032019832434188128e-02,-2.379749071510761926e-01,2.137431633019485910e-01,-2.313980135327088905e-01,7.682332795129261094e-02,7.894938563526097963e-02,1.117433745840936965e-01,-2.273116918537294306e-01
-6.916219004097479139e-02,-1.246400264858069928e-01,1.217556378366196485e-01,-3.010073078426156457e-02,1.604855049024695168e-01,3.584844486764514060e-01,-1.270441222532841530e-01,-5.134509771020694807e-02,-4.313984325841670187e-02,8.415403041360244862e-02,-1.669037086360003197e-01,2.609304133466219255e-01,3.320306983461133177e-01,-2.363806892380032332e-01,-2.971115272143199926e-01,1.360182943232116359e-01,-2.102509582338845107e-01,-3.909401136394537180e-02,-1.631601668659729276e-01,-1.224051466863091825e-01,6.388324944911596970e-02,1.250956229651490059e-01,-2.633913085154104133e-03,-1.380381851396622062e-01,5.888565239640942972e-02
-1.161533831000828298e-01,-8.949271997373858811e-02,-1.736092349240652977e-01,1.912373790615300440e-01,1.278241230479566226e-01,-3.035552033998550892e-03,-8.736098171510134347e-02,7.845501580313390955e-02,-2.554650967120959959e-01,-1.314045966057940662e-01,3.795223992160361159e-02,1.234773572558906796e-01,-3.503786835900998820e-02,-7.252345969672260861e-02,8.272103449292869670e-02,6.214351932325052480e-02,1.992677252642601760e-01,-1.733606788823108258e-02,-9.911256688759444156e-02,-7.674549586714778104e-02,-2.728541688525596906e-02,-1.302246823840253198e-01,1.450339906143278956e-01,1.268053074783668382e-02,-2.545449780207473811e-01
-1.159247594277178772e-01,1.960271848326911037e-01,-1.251682797548916704e-01,3.419071423248226660e-02,6.964676785182345731e-02,-5.826878032063075030e-02,2.183968967158662067e-01,4.792439752138848499e-03,1.776178799203257386e-01,-9.520919092716181864e-02,-5.504877864040506885e-02,1.191696064256059784e-01,4.910601824135074622e-02,4.589984461467105925e-03,-1.409008164608998581e-01,-2.191864514867482017e-01,1.771862750191214794e-02,2.476993112672470077e-01,1.485351841267547601e-01,-1.418437704228773799e-01,1.766217479977610361e-01,1.359127508075459456e-01,1.560095901688163256e-01,-4.916393171639663745e-02,-1.272619414641219804e-01
-6.001609926566211367e-02,1.514414033815070226e-02,3.505299858005151981e-01,2.646285101540893914e-01,-3.623699133160795949e-02,-4.450718004948867046e-03,-2.557239494614949038e-01,2.649840870501121159e-01,1.650783233780436787e-01,-2.434288642422723359e-01,5.078762560810387572e-02,-1.594581350350317006e-01,-5.289809158715741422e-03,-2.116260276450773747e-02,6.299070761557185039e-02,-2.495559508151479200e-02,4.634270063524204009e-02,1.216980937456429435e-01,-6.598007245707540602e-02,-4.852464206835736815e-02,-1.291034344821119506e-01,-1.451244944648512059e-01,-6.296028644452648926e-02,-1.603492942675978639e-01,-3.540928647166755039e-02
-1.352156472359380690e-01,2.175016189810941025e-02,1.542063478264218968e-01,-9.958859497409211503e-02,8.533272742266696798e-02,1.276188684430779909e-02,2.030003210454857376e-01,1.432315695774395437e-01,-3.123934803383754399e-02,-5.951651871199239302e-02,-4.615201376446506631e-02,-9.801242915177474369e-02,1.845825018816321661e-02,-1.190514632022862673e-02,4.374336292205539822e-02,-5.879069844611062301e-03,1.295989846784702804e-01,4.575086748869771486e-02,6.672273829099376052e-02,3.123269575851218838e-02,1.688823059149860417e-01,9.081417321124318764e-02,-7.628002503657643762e-02,-8.642142771772946819e-02,-3.815727020442202799e-02
-1.379065140280644197e-01,-4.230290194263082448e-02,1.397808225696001161e-01,-1.266069717992307497e-01,3.849420947193693543e-02,8.812059658884538460e-02,-1.883930944366501992e-02,-6.252836988420029662e-02,1.084276664255573175e-01,1.580458128027994319e-02,1.462302288354602742e-03,-1.970803597230532389e-01,-1.034493114847423040e-01,6.864905678146633605e-02,1.833741852958346574e-01,8.718139545818834324e-02,8.544625039357686691e-02,-7.019486856949928855e-02,-2.048335562478525995e-02,-1.130937677942511349e-01,1.806085318602823619e-02,8.087419668282677665e-03,6.878978866578250306e-02,-1.963106993686725976e-01,-2.459861955545768197e-02
-1.225972025855404796e-01,-8.538419981304855300e-03,-7.239086038698416825e-02,2.194383812816408375e-02,-8.087608621364807127e-02,-4.737604518550300736e-02,6.010410975890953522e-02,1.974051202128760396e-01,2.272405955438627778e-02,-1.249730529340328661e-01,-2.303506447111699218e-01,1.706611179257252198e-01,-1.859606732590255163e-01,-1.462699992821915596e-01,6.375871689705072537e-03,-6.256136510627754999e-02,8.122052808669064095e-02,9.334549133860993442e-02,-9.108577420558422455e-02,-4.207777276090490792e-02,-3.345525326991047876e-01,-2.726895870376113556e-02,9.172890143999953838e-03,-2.107738804886093720e-01,2.758656779468819931e-01
-1.193717585069405396e-01,9.683786729389888548e-02,4.830342027345596589e-02,2.996750282028581847e-02,5.140938568138123110e-02,-8.412152404443820619e-02,2.747650841455606674e-02,5.438154010009352279e-02,-3.753256783020877951e-01,2.888518626836490688e-02,2.115189663880700788e-01,-6.789226024408126503e-02,5.378472149628774068e-02,1.075930444088811500e-01,-7.634461450986521069e-03,1.138675002413657295e-01,-9.583785737601223376e-02,-1.212968929091266107e-01,-2.702092367748014090e-01,1.266409708123939493e-01,-1.360592117335385209e-01,1.012452092290046235e-01,-6.214618248498231939e-02,4.507423638713388414e-02,-3.799205457558432752e-02
-1.283737366948332348e-01,1.757740347609375031e-01,3.036263221012948377e-02,-5.524033678445866569e-02,1.158932041645746314e-01,7.570591927550268663e-02,-5.673188573653248357e-02,-7.802904928690515551e-02,-8.647419940440145836e-02,-1.817046695536015388e-01,2.888333338211802881e-02,-6.809862565265653589e-03,-2.198829162959869965e-02,2.052034884418148242e-01,-1.599143092323956072e-01,-1.147664900770697244e-01,2.181527394235001360e-02,-2.330705221055530407e-01,1.077022266068645151e-01,1.325466026737155134e-01,1.247684269167501636e-01,-1.299290367163112581e-01,-1.758090973829304349e-01,-4.663644859814790322e-02,4.237676431196614468e-02
-1.378755452565240125e-01,-6.732885834829353822e-02,-1.257952040583321940e-01,5.029243222058001062e-02,-1.912834637301859542e-01,5.830146172011574368e-02,2.223388146283008376e-02,-1.535493556554627659e-02,-9.769881331636698363e-03,-7.423162805394786790e-02,-4.174121898838878408e-02,-8.290187756294853383e-02,1.462653406306266279e-02,-1.477670504002754903e-01,7.502641211973251623e-02,4.011601783411397615e-02,-1.499982237555517739e-01,-1.514443166148543574e-01,-6.130417313044611571e-02,-9.228107994285052185e-02,-2.178111982984010098e-03,1.263729358524030011e-01,-1.029554436685864299e-01,1.058291496189690123e-02,-3.359868649723592171e-02
-1.218271447011246289e-01,2.778747010023250308e-01,1.628151252425799958e-02,3.149057277958462742e-02,1.830850435170183754e-02,4.288591997091556474e-02,6.239189763504787711e-02,-9.979943818307554504e-02,1.084539575748193034e-02,5.806087424603941123e-03,1.236880285231757998e-01,-3.042099632013667287e-02,6.014272984252017062e-02,3.480878253983252235e-02,6.859047213011093547e-02,2.438838729183980258e-01,-1.164146943678297103e-01,7.950806999495371730e-02,9.669243421408654782e-02,-5.111288530909152000e-02,-2.437497026511150633e-01,-1.268963722242980041e-01,-2.545845566574806568e-02,1.214713840429957753e-01,1.214229508731180240e-01
-1.266713240786710992e-01,-6.879647902442166674e-02,-6.113716915948411157e-02,8.089886805976051476e-02,-2.168479337323581668e-01,1.771014439108314076e-01,9.624201189462211481e-02,-2.677007399986832195e-02,-3.936115358357739069e-02,-4.921541459185584111e-02,-5.598694525024444646e-02,-2.933983038229464810e-02,1.687627740578472313e-01,-2.130393794988919010e-02,-4.429059686480912861e-02,-3.396361365823578893e-02,1.095039785830555223e-01,1.325637220648702985e-01,8.230316303849619097e-02,-7.780747730986320443e-02,-6.662078233756595080e-02,-4.949544193739138787e-02,-2.045617779210123222e-01,5.991816305941840420e-02,6.813145609258509927e-02
-1.459463713907241389e-01,2.142607382663001131e-02,7.527600286867326684e-02,-1.441284983219572602e-01,-1.036215147726254893e-02,7.783068551486116426e-02,1.643018289294762013e-02,-1.317658526791697926e-01,1.489093722970952216e-02,-5.508094306821906955e-02,-1.002004415604799553e-01,1.090291511717648987e-01,-4.136776312126999589e-03,2.728468114111691489e-02,2.195170103138338602e-02,8.341366846406944591e-02,3.274393857746055181e-05,1.212873848316106951e-01,2.467086554399255949e-03,9.399514130261449329e-02,3.005737838697838948e-02,-1.007695125487543253e-01,-2.037556539689615309e-02,7.510692272653257673e-02,1.749588814366148659e-02
-1.183184814701173232e-01,-7.314853360388370689e-03,2.029628310687840720e-01,1.252991077201683900e-01,-2.458072013937329103e-03,1.417891924939348458e-01,6.034510121473674049e-02,-1.507292381826776106e-02,1.309991305861567257e-01,-5.600139557006139635e-02,1.559487059628852923e-01,4.050035518647691901e-02,-1.288305788641703684e-02,-1.282318386378282216e-01,2.219698248364723181e-01,-3.792209279425128032e-02,-8.644618208654250568e-02,1.270675146718151446e-02,1.593949547124041133e-01,8.208819146514075016e-02,1.900076771285809096e-01,3.711124222811002654e-02,1.406721584224606691e-01,4.384005260033643214e-01,1.288523609601914255e-01
-9.856206593081456857e-02,-1.970992437466005387e-01,-1.446040073538982507e-01,1.402527868652131415e-01,2.341580265087820356e-01,-9.652607888365749567e-03,-4.208924372092809341e-02,-1.382130690768787751e-01,1.837193719965233007e-01,-7.591395896118594000e-02,1.128134999192601934e-01,-2.217663729665306782e-01,5.482562503437102275e-02,1.773575824598689066e-01,-1.009540526047277842e-01,-3.034711011226209898e-02,-3.243711283804018991e-02,1.318339264092484031e-01,1.352196315694891848e-01,-1.969025240795795884e-01,-1.402725000545371192e-01,-9.508905805033464331e-02,-2.069473988072400850e-01,3.688822213708861653e-02,1.970080884059667581e-02
-1.243101967952187498e-01,-3.956265852621939673e-03,-1.154813127290098551e-01,-2.931981686724392105e-02,-2.107984199751351817e-02,1.230102693761010169e-01,-1.660146237508881850e-01,-7.696362991987643065e-02,-2.705376361879472391e-01,-1.427540033970512434e-01,-7.793909598579257247e-02,1.182859207106923827e-01,-1.655492054276540836e-01,3.127202594628034071e-02,1.984690139174070389e-01,-1.289646325840423935e-01,-8.682235697630096005e-02,1.128320071048847725e-02,2.184351531252609613e-02,1.592713640676017284e-01,1.677915758531008800e-02,5.353613773602421133e-02,1.491890178980396220e-01,8.167674755823711719e-02,-1.416649709110270883e-01
-1.168646416793091974e-01,1.251114014722171930e-01,-8.570119851399896072e-02,-6.185195069248133892e-02,-2.430141599712014600e-01,6.512446790343939806e-02,-2.817324964403949278e-02,-1.653863007872957425e-01,1.128326304473422914e-01,-8.436000276636537731e-02,-1.844645199982600584e-02,-1.921244579677971742e-01,-1.267572583688520160e-01,-1.908535564227955006e-01,6.616924382451670750e-02,2.354792735193393660e-03,-2.361026429745969463e-02,-4.894440457113698184e-02,-1.151518543227185443e-01,5.497865988628852091e-02,3.619641113168811652e-02,2.933477697283182195e-02,3.292140130361869560e-02,-8.104318639799194812e-02,-1.919367061162537691e-01
-1.205801474464378437e-01,-3.753753478648015618e-02,-1.942848201403777619e-01,-2.140369228448351924e-01,-1.370921621229292675e-01,-1.227544354443203811e-02,-7.253783217940812378e-02,1.382095026156697770e-01,2.664359108668089282e-02,-1.477782993957337532e-01,2.961696568600353727e-02,-1.988812367472125864e-02,9.072648757922226193e-02,3.701017030707291766e-02,5.018165842099128054e-02,2.190009717306565587e-02,-1.909967154656576627e-01,7.539153182090255201e-02,7.684852657019060340e-02,6.403295360904021072e-02,1.293068020746150626e-01,-2.607972364602885451e-02,2.238244489931437153e-01,-1.377081963020106992e-01,2.625709204623157267e-01
-9.859471366708387474e-02,3.008191521960242309e-01,-1.809077130099250308e-01,1.025394059143186903e-01,1.595021620240706650e-01,3.115994399767639880e-02,1.353006435332256008e-01,-4.547808056308601243e-02,2.029661057011177550e-01,1.178575797280806761e-02,3.358111962255124622e-02,7.392767098174084228e-02,5.907595645280071944e-02,1.007003778115219683e-01,6.522695378482004647e-02,2.016366307718475692e-02,-9.376782667185892817e-02,1.032628377435152178e-01,-3.823768155623520626e-02,-2.362747663097986561e-01,6.017226015758628428e-03,1.507238582436190300e-01,2.823772625003264092e-01,1.416495915630880571e-02,5.120028485818529929e-03
-1.366232539755396214e-01,2.519490870643838198e-02,3.557564947288763268e-02,1.656973000602423099e-02,6.488994874285355929e-02,-2.007065111509246658e-01,2.065908246968158057e-02,-1.562043775771085330e-01,8.809093725460062640e-02,-1.215345640350872641e-01,6.572954246632688180e-02,1.040184865367659896e-02,-1.157832041270377144e-01,1.741387599821562701e-02,-1.581617744227169498e-01,5.812903067233332610e-02,1.009030507857494180e-01,3.554907281956865700e-02,-1.202511368632106781e-01,6.031604888502197642e-02,-1.221991647089286648e-01,-9.606259779621417749e-02,4.373925136572220235e-02,1.823579552730125453e-01,2.499894519856120031e-02
-1.197426743012000305e-01,-1.882469099492970754e-01,-1.568774862731640851e-02,-1.902560469906295487e-02,1.663448779949085188e-01,1.576241512349504936e-01,6.819779799269048981e-02,-2.375110199070694372e-02,-1.535313965223836577e-02,1.385160035166219661e-01,1.373135690051288105e-01,-5.638256559090241982e-02,5.235768030200418227e-02,2.280950969910350637e-02,8.755959874198313009e-02,1.327260982139875367e-01,7.140213943896392412e-02,2.765216986249046174e-02,1.501976477494050832e-01,6.266290896224710472e-02,-5.232247556762543994e-02,3.238987607666283380e-02,2.981734375277225388e-02,-2.592257697467408861e-01,-1.228850780176283797e-01
-1.392723390981147058e-01,-3.794694329387417187e-02,-9.398474031366720050e-02,7.390311712171673819e-02,7.002094351632630331e-02,-1.284850202804573016e-01,-4.148313494556435388e-02,-6.668457380382916688e-02,2.444094377444311350e-02,9.126582313754989795e-02,-9.995929787219839935e-02,-1.753343316998548507e-01,5.039921027199011083e-02,7.133510027830904099e-02,-1.036921834314698081e-02,3.153926775937011123e-02,1.548960446679067404e-01,-1.003306028198909378e-01,-3.668104220596102999e-02,1.388388425352696798e-01,1.547745571503937601e-01,-3.678758856165808416e-02,1.120709137729703625e-01,-1.473845079573059269e-01,-8.406101953242971214e-02
-1.448880187090442195e-01,3.945135131975449627e-02,1.252730074811508020e-02,8.685877905860912157e-03,6.943980428254567516e-02,-4.174067624942326415e-02,9.203122857227925141e-03,9.548965008348007932e-02,-1.909069058959861342e-01,9.219325150603412122e-02,-1.235401688571041851e-01,2.129242605437173252e-02,-1.401914030676430500e-01,1.567059092391235101e-02,5.240174033205087512e-02,-8.821241212211852756e-02,-6.408066160492212338e-02,-8.348454555379745956e-02,-3.460158924126139485e-02,-6.681102668625382712e-02,-7.729404055653224526e-02,9.478391381501798107e-02,-4.882191896174976203e-02,-6.587507918841957640e-03,8.837323776497259253e-02
-9.377021449082348359e-02,-9.403473457746389097e-02,8.105565306806736259e-02,9.373628256319728458e-02,2.081667224486570822e-01,3.663541074616812887e-01,-1.921373440977620223e-02,5.573243337832634037e-02,9.140476736720193340e-02,-6.970923692806613170e-02,2.691526453786068918e-01,1.273858906367462407e-01,-9.319226140789073354e-02,1.025496555404739329e-01,-1.118614495305456091e-01,2.616276403962135566e-01,-6.367456078651187457e-02,2.086339998810691349e-02,-8.078095879914565236e-03,2.305202341077116912e-01,1.419454930724557001e-02,6.303042624398821903e-02,2.913156092998532565e-02,-3.667547035665034982e-02,-5.996729134098258140e-02
-1.430647242238975991e-01,-7.979777837729319645e-02,-4.178789920216682829e-02,4.518487026636580639e-02,-2.336990322841551310e-02,6.472680806263739553e-03,2.847596639692542148e-02,4.173821869947889202e-02,1.498833068617207512e-02,3.154399724338551383e-03,4.755734734387176421e-02,-2.153533192645267491e-01,-6.231161977789236028e-02,-1.406103135407277271e-01,-4.611388642810149846e-02,6.983266171201157890e-02,1.712706913503189987e-01,-7.317683940717124857e-02,1.025317856317392445e-01,-3.170336037069319997e-03,-1.648698862867487361e-02,3.841603153212510419e-02,-1.888760429448632649e-02,8.010139234172886091e-02,2.750885301320757925e-01
-1.466552104463965667e-01,-8.739201998435612573e-02,-1.041822326233975554e-01,5.969522649588514251e-02,2.617812492635599592e-03,-6.874172813503418022e-02,1.075348380910833568e-01,-6.752491661736559868e-03,-2.281193160085213598e-02,1.194194546324428563e-01,-3.898788858092822052e-02,-3.499315962918696232e-02,-6.262883136064026357e-02,2.443332548994846948e-02,7.996997263291591440e-02,-1.607305831921584383e-01,-9.169275081399998889e-03,-5.613498479445767214e-02,-3.319328234383096821e-02,-1.427722715735566528e-01,4.221944288217749364e-02,8.171195193869421058e-02,-2.096808371516087344e-01,-2.111608127928398318e-02,3.975048711021083453e-02
-1.325047385324792659e-01,9.510807459944634057e-02,7.372215788289382399e-02,1.561454685843172326e-02,8.564790000248791169e-02,2.084089228167735133e-02,-1.493393164813646423e-01,6.249610997978478216e-02,-6.838232390945489514e-02,2.896883264948586501e-01,4.119592045955534215e-02,5.980988081676027329e-02,-1.605076021604731340e-01,2.519136276581748074e-02,-9.869074206311169439e-02,-1.958234078645876841e-01,-1.608731474642484394e-01,5.188518268590253807e-02,2.573264682612726346e-03,-6.917035627164901113e-02,5.960335451112745708e-02,-7.167808804622695373e-02,2.504262739589351722e-02,2.365791981513312367e-03,8.393852817993512072e-02
-1.377467035904511028e-01,-7.628498025973287633e-02,-2.765181027995321922e-02,-1.325694416693705135e-01,3.032317550688571825e-02,-1.989176787310909661e-02,-1.021367208957513484e-01,-6.076979006513082843e-02,4.304565602831994520e-02,1.294484485900906645e-01,-2.387542924794520960e-02,2.067353490902793245e-01,4.677128138761910831e-02,-1.006753787456791532e-01,3.449578617588688195e-02,5.575027685620281837e-02,2.113267396709598289e-01,-1.132528306882906455e-01,5.171034363062056854e-02,-1.050394150212570349e-01,-9.039859495059702349e-03,6.989330618080130675e-02,7.977451221281783855e-02,9.327453768772413223e-02,4.092300122778170374e-02
-1.300909719728093050e-01,5.530874563907094491e-03,1.956573612461524336e-01,-4.895542342882284320e-02,1.470711321473972162e-02,-1.644548534707155063e-01,-8.198526562916183535e-03,-2.241269115019211763e-02,-9.260203024707798491e-02,5.458845080846053827e-02,-9.216190080262756656e-02,8.261743659516050664e-02,-1.970142293400821767e-02,-2.165722689409201873e-01,-1.387505356556937852e-01,-1.213664312897548003e-01,-1.633113766021547786e-01,-2.027293343716158464e-02,1.130469515068858039e-01,-8.927704196619975358e-03,-2.165127591617954372e-01,1.598767198684878377e-01,1.211940035038506780e-01,1.668373557491172401e-02,-3.372158341008847648e-02
-7.510762123708371318e-02,-5.178049450310493601e-02,6.753819660434552674e-02,6.333920441263127254e-02,-3.225587975932964757e-01,2.717346985170525087e-01,-4.182947126893923895e-02,-3.081700030422540593e-01,-1.488771381444331243e-01,4.761452835372859821e-02,1.431060214169302680e-01,-4.079842138238361227e-02,1.334928201539702618e-02,1.613802294430814188e-01,-8.140049623409696677e-02,-2.690686061307036581e-01,1.539957381773147116e-01,1.345396177799707271e-01,2.236930161229372660e-01,4.395106307483370028e-02,-2.318475313961551876e-01,2.697225509726317028e-01,9.971570562084279554e-02,-1.666688821506047413e-01,-1.172986448426731609e-01
-7.855362069963077454e-02,1.713473540675924944e-01,1.301986555688995628e-01,2.289777348712092597e-01,-9.711215301221301499e-02,-1.175022259700798932e-01,-2.606637223239385501e-03,-3.387875155697863683e-01,-9.446392246943641213e-02,1.497407818193489393e-01,-1.323808834131783296e-01,-1.887350902671360020e-02,-1.229570241974695249e-01,-1.612854153607126972e-01,-2.423515081376337310e-02,2.928382181087384462e-01,7.821037417830524474e-02,2.304777995031015991e-01,-1.921894311124630328e-01,-8.136800639079189157e-02,3.201165958273675671e-01,9.727513496304651675e-02,-2.207174513119576631e-01,-2.069496308410969515e-02,-4.730342694605906007e-02
-1.021504928971828929e-01,-5.749824616779926345e-02,-4.488589613344983603e-02,-1.815846977546327068e-01,-8.222461824209319203e-02,-1.928547625852398140e-01,-1.955557809539103797e-01,2.871586804166208484e-01,1.520124668524567013e-01,1.538628564574668900e-01,-4.482754224834371859e-02,2.364740174696913777e-01,4.786591217055382458e-02,4.631056369860860056e-02,1.122649948097644360e-02,3.719501664719604417e-02,-9.172288597031898194e-02,7.424188270258448574e-02,1.631845973199343436e-01,7.045256543068420529e-02,6.503847524930097754e-03,-3.606159048293278158e-02,-2.863497068472304896e-01,2.916263918927784055e-02,-3.677582479997829612e-01
-1.394146781395844137e-01,-1.647199654194849150e-01,1.164955321930408877e-02,-9.190374886774740903e-02,-8.966897892717113489e-04,-2.884859489490860726e-02,-1.096392228755164316e-01,6.344908728598945558e-02,1.964150084758231607e-02,1.019793201697835050e-01,3.669160114456609424e-03,-5.671502904909792725e-02,-1.541096238584933192e-02,4.264713597458193867e-02,2.236684827396292347e-02,9.288579651284058214e-02,1.058499448321029435e-01,1.170048388242543036e-01,-2.982829086321974951e-03,5.195198253358583595e-02,-2.278208371444327696e-02,2.093562223116604819e-03,-1.773528798886998131e-02,2.527310544496195743e-01,-5.658344214850793454e-03
-9.590721123554814265e-02,-7.649804178129354648e-02,1.611000806313157840e-01,-2.357556382797874051e-01,7.968106522627958765e-02,1.775417526289069237e-02,-1.969651441126702152e-01,-3.050720601490399808e-01,-1.848023074960533293e-03,-1.111463181679540196e-01,3.677044791753253383e-02,4.518385261020678445e-02,5.503824809089504638e-02,3.434061860253924403e-02,1.782196228301590746e-01,-2.357974401589020830e-01,-3.254955344495606001e-02,-1.294503846825141580e-01,-3.190838207854657105e-02,-3.413312696989326822e-01,1.900574606164415203e-02,-3.224253641008854032e-01,1.792319514675751180e-02,-2.853379619479406645e-02,-4.742062012269569748e-02
-9.339744066416755253e-02,-1.018195318970691599e-01,5.427138182709791842e-02,-1.059458303647093855e-02,-1.146657602192173997e-01,-1.502116684286313453e-01,4.143588109156003396e-01,-1.020560799606682889e-01,-5.784190365579448823e-02,-5.577830883057865313e-03,2.380137017403919364e-01,2.921911997483578327e-01,-9.274387177318951792e-02,-1.297228396461642119e-01,-1.170359912247757178e-02,4.165231207771571964e-02,4.986523598544342906e-02,-1.714914223293956264e-01,-3.175714292645750308e-02,4.106528307430646479e-02,-3.881245675896893843e-02,-2.889698880841978235e-01,-1.917801590953506843e-02,-1.356229629409554382e-01,-1.069774144278316796e-02
-1.194407260570715945e-01,-1.060359308080735113e-01,-1.768104580223028299e-01,1.434548023509622794e-01,9.228749748631907834e-03,-9.768995933292112799e-02,-1.591234952980979389e-01,3.212599964587722207e-02,-2.342044177761910262e-01,-5.326794313683497900e-02,-2.234620962354392365e-02,1.369731987935934314e-01,1.430307270194114133e-01,6.009822735000627802e-03,5.256434673577270456e-02,5.234120767720183698e-02,2.109517889400060742e-01,-9.007878389239459826e-02,1.777598459485193461e-01,4.077227191231801162e-02,1.171201533742302903e-01,-4.365269012292916778e-02,1.839319493949030937e-01,1.210113767742621166e-01,5.847402322983820400e-02
-1.027344796158261853e-01,3.317993488830137117e-01,-1.176546471623651502e-01,-3.156823139426184754e-02,7.163692270518665778e-04,1.177233357077282494e-01,-4.941667966715733440e-02,1.766252621606251016e-01,8.454369921447703329e-02,-6.377951299731537960e-02,-3.602371297438989456e-02,9.118325353791520427e-02,1.175782770059114746e-01,-9.132357306213003539e-03,6.640739162603756518e-03,-1.745402834911038426e-01,2.014073510680288726e-01,-9.776185844378237899e-02,-3.573991898090129321e-02,-1.315574049586592728e-02,4.545834315050001351e-02,-4.614768450718325504e-03,-1.411596528456985911e-01,8.810122279672452650e-02,-1.096073830659171633e-01
-7.861730536961239468e-02,8.800055628431674437e-02,3.548073964502310718e-01,3.145579965078109663e-01,-1.196947870558721060e-02,2.127821672609858661e-02,-1.059267212803317315e-01,1.280940931379930814e-01,-3.237749729150484618e-02,-2.920777985781217341e-03,-1.562586418752993644e-01,4.282674840587231968e-02,1.765013516418139639e-01,1.949125072841756401e-03,4.237680578903460504e-02,-1.556296726567990285e-01,5.110180075539524913e-02,5.322589462417531142e-02,-8.350730592835214905e-02,4.241340406954580144e-02,5.505831106925419827e-02,-1.740120377084843628e-01,1.119693636617115490e-01,-1.165884399297795054e-01,6.842506324903296910e-02
-1.275468524564493666e-01,6.387240569517631250e-02,1.579405501651149069e-01,-1.088220664364141915e-01,9.498714557636540878e-02,2.501033922935008702e-02,2.122011237229111669e-01,2.133807445945015147e-01,-1.102981992428131719e-01,-1.398748056657620614e-02,-3.140229104984022801e-02,-1.230883344371446197e-01,6.461224731924092302e-02,1.143578803584667097e-01,1.143484966943760506e-01,3.349291019242365414e-02,7.468680760394720564e-02,-1.609408139041141120e-02,8.910172707298960604e-02,4.019037404570485750e-02,1.204594483242708014e-01,-1.558492371369257432e-02,1.071840915140069295e-01,-1.060938554429974173e-01,1.092997636742295414e-01
-1.261028364359224885e-01,7.275390187184514919e-03,1.198935919128816807e-01,-1.390538690451026682e-01,1.468354695844991953e-01,1.510061725911259617e-02,1.390098785762449163e-01,-5.432191362141257363e-02,-2.182770179100598611e-03,-1.468046773703101382e-01,-2.258486156439619974e-01,1.306240329964092686e-02,-1.777187131891257710e-01,9.691733152920617433e-02,6.884915390958311343e-02,1.220439484294709859e-01,-1.660633935896598801e-01,-1.321895300494640713e-01,1.633340454990789281e-02,-1.905812876134362899e-01,-7.524844761819401984e-02,9.045356741288138047e-02,1.136176764414617985e-01,-6.563282378030846353e-03,-2.686058126509278249e-02
-1.331722331671986448e-01,5.731939084877682271e-03,6.406719478477838903e-02,4.056461238438815314e-02,5.211598567158228640e-02,7.898748839854080606e-02,8.193950849055060826e-02,2.034245607317903756e-02,5.538009860820038155e-02,-1.528865569358448806e-01,-1.779651984730119263e-01,1.281461218386299727e-01,-2.163582435584470165e-01,-9.847165256770554209e-02,-1.855156667277069182e-02,6.970794793132982503e-02,2.167315242766163219e-01,1.097915203104183335e-01,1.500019533198969635e-01,1.579770957110576968e-01,-1.571235191515023832e-01,1.035124309905036399e-01,-1.333458399774984093e-01,1.234978896285006122e-01,-7.690703999459255757e-02
-1.294810051101660808e-01,3.045662503687420961e-02,3.509740424766136235e-02,-3.046948296007920276e-02,1.002711435414676590e-02,-1.662573104519196043e-01,5.543429176198429870e-02,1.572425821609571006e-01,-2.100676478054025187e-01,-4.555056245083607264e-02,1.446054966999467672e-01,-7.699927073064680161e-02,1.085227922323638711e-01,1.598557531463973835e-01,-1.268959688957489451e-01,6.818441399188721053e-02,-4.538874701205829892e-02,-4.357816394221273454e-02,-6.077677812308557304e-02,-1.087155181687641525e-01,-8.755995267510985336e-02,1.946711811195652730e-01,3.724736106660492263e-03,-6.248827222657563074e-02,-7.269103053706060802e-02
-1.248291946925790818e-01,7.491262276906318629e-02,4.649585388617367282e-02,-1.368576079438041659e-01,-7.344249016931922447e-02,-7.570653996135871810e-02,-1.417213718628008712e-01,-2.748959387418528980e-02,2.114479478037820104e-02,-2.564346383122712569e-01,1.354648339654353217e-03,1.400450013959656306e-02,2.963052703401535329e-02,5.172903403923971577e-02,-4.187915235058525809e-01,2.272719811807722562e-02,-1.080540914985558647e-02,-4.829671659067353434e-02,1.294924399288684969e-01,8.992846452326797024e-02,6.098852651240378731e-02,4.314692658132425473e-02,-8.949278544606577290e-02,-1.270447631362488228e-02,8.472334768444868269e-02
-1.474031154026562984e-01,-8.142843607454808980e-03,-8.098781764035671571e-02,-2.425728752991346618e-02,-1.077331062762168917e-01,1.475919031936341608e-03,-2.312656011237658460e-02,9.570025633894842232e-02,2.613817962848176413e-02,-9.863286356860495596e-02,-6.056144876211122519e-02,-1.518383200551840229e-01,6.721416682274047871e-02,-8.256612099281371298e-02,-4.306879803958701264e-02,1.190490781261683007e-01,-2.324160263346313759e-01,-7.429061447035702204e-02,4.863821521138370074e-02,-8.017439427236025540e-03,-1.940073287591893500e-02,1.044167189914157329e-02,-3.221267340954862141e-02,6.965685647852551399e-02,-4.609442258760709787e-02
-1.137102341438853553e-01,2.906587844651650765e-01,-8.347086373854066543e-02,-2.757321549463179894e-03,-2.299949829533507600e-02,3.449963582482482027e-02,2.385686050916335094e-03,-1.119770866038926754e-01,-1.009564209385525047e-01,1.379098650433651096e-01,2.215951637532594110e-02,-2.452609083556422931e-02,1.183040867149350167e-01,-4.674597902337564170e-02,4.570834582554488684e-02,2.081472328274582700e-02,-1.318398180297069289e-01,6.062691202334476691e-03,1.677803263972396097e-01,5.203487074584713101e-02,-1.724796743839630275e-01,-3.195792354011240954e-01,-9.529282905863073472e-02,5.796222194141675138e-03,-8.360639068938954810e-03
-1.275190298494815744e-01,-1.656839735420858606e-01,-5.035088296013014164e-02,1.409330952266492076e-01,-1.223413946439912275e-01,7.135886012716594062e-02,4.907826215497512745e-02,1.027090419367211599e-01,6.990828976017971451e-03,-4.762044356581395660e-02,4.033542956113846806e-02,-4.925274303651776958e-02,3.355041650688237592e-02,3.938373328674810159e-02,-1.297558410856245459e-01,5.909209267791092762e-02,-1.395197247784140671e-01,-7.457470502471380547e-02,-9.401362482003233767e-02,-2.474214387155767025e-01,4.080780383515358878e-02,-1.260251757693005015e-01,-4.110304165369768614e-02,2.421610352271201250e-01,3.221515835121299687e-02
-1.322844208247585251e-01,-2.753849472354032504e-02,7.422805796992214267e-02,-2.256925230511590275e-01,1.401567483753213550e-01,1.165986782106153419e-01,8.584345796932645045e-02,-3.672424859355429005e-02,8.359073545456557897e-02,4.310385824549602812e-02,-1.704296214701316592e-01,6.504153260058485875e-02,-1.018662174855569369e-01,-1.102792789487764234e-02,4.032167516643025973e-02,6.273940069899948402e-02,4.247961449938894574e-02,5.197844331914123345e-02,9.911064836442832343e-03,1.102353315813298928e-01,5.097243513333990506e-02,-1.576703904796993849e-01,-1.351366032874363465e-01,-1.322047520607231783e-02,-1.012859994249465795e-01
-1.077436166753400482e-01,-3.483690638204704065e-02,1.466133021129729375e-01,2.112100962698050810e-01,-1.013689063822035968e-01,-1.005326971809986231e-01,4.167193520354885161e-02,-3.221893898932019773e-02,1.429109081285559191e-01,-1.168006674326010491e-01,2.002987641551428055e-01,1.134204126756892667e-01,3.043487578190966908e-02,-1.594450775658121100e-01,1.031456263201413204e-01,-1.323417778266545719e-01,-1.493645320681440680e-01,-3.852717120811374740e-01,1.328785117195866172e-01,3.528092067158937473e-02,1.716256061084021622e-01,2.056360758066997640e-01,-1.102120730488093253e-01,5.137027182671154851e-03,-8.417346190308114262e-02
-8.947277332745046108e-02,-1.468744904837988030e-01,-1.860665103090607952e-01,3.106574669163856828e-01,1.273564065591825389e-01,-8.057948847283109839e-02,-6.660434676263397857e-02,-1.316042597502964651e-01,2.257943149879592937e-01,1.346778786002502948e-01,-1.914160064242953208e-01,7.752593193219892154e-02,-3.740930439828482612e-02,3.130826868218830605e-02,2.553466202578406202e-02,-6.785536315491495774e-02,-1.959964038406035447e-01,-1.438858414713738709e-01,6.849551177263818458e-02,2.674897985654745014e-01,-2.109310788178991591e-01,-4.326748656982021962e-02,2.872169611885247442e-02,-8.587432559433996748e-02,9.539514492048649374e-02
-1.295056441015503268e-01,-2.715556733580437934e-02,-1.360413020272011608e-01,1.041328091616966905e-01,-8.134151571398256023e-03,1.657566151043379787e-02,-1.006345146536108542e-01,-2.992836736217851373e-02,-6.267354059768394381e-02,-2.676705999006894210e-01,-5.889823463225449252e-02,5.235252163962827998e-02,5.889417127242975447e-02,-2.332540507266401761e-02,2.875205409192464479e-01,1.466701071388858135e-01,-9.812805971652595327e-02,1.811781593115187883e-01,-1.169184808198403674e-01,-6.267407631315201344e-02,-5.279265824277755426e-02,3.661287161509961530e-02,-2.624900065585693276e-02,-8.409473321023303027e-02,-7.193340216152137312e-02
-1.152122475067475921e-01,7.102854143860207192e-02,-7.379619256778098546e-02,-7.605250557293885549e-02,-2.620209772057980335e-01,2.008905776809736740e-02,-5.927254507428082915e-03,4.262299133320187478e-02,-4.090504735508533607e-02,9.027832368509559891e-02,-1.033434466148971595e-03,-1.614741230198597499e-01,4.647556717566259793e-02,-2.502033900179248538e-01,-1.139335874704925783e-01,2.043026372519838874e-01,-5.292916995129744867e-02,3.361836856273543034e-02,1.901333745027820876e-01,8.469581318428762162e-02,6.296923166197017363e-02,-2.143742485587798174e-01,1.843927342861069185e-01,-1.562188352050367102e-01,4.111190854411412438e-02
-1.209842147764275538e-01,2.245647947691262192e-03,-1.392495086208419552e-01,-8.679180701145325361e-02,-6.423717126515796072e-02,-3.453111118179661571e-02,-3.341841920624488704e-02,-1.438948620619733276e-01,2.786012887817332362e-02,-2.201650437529838467e-01,8.754475811591976020e-02,1.171467660989439774e-01,3.901806659441077463e-02,1.582100037232348488e-01,5.644536362828132814e-02,-1.456266931324295411e-01,-8.316231008394971147e-02,1.305693820025512208e-01,-3.128737447346995326e-01,2.431971075124589876e-01,1.654330057593798309e-01,4.990008623434762786e-02,-2.183790034176526507e-01,-1.358537262737295748e-01,2.424291934695348705e-01
-9.163236798499893587e-02,3.680916490651274242e-01,-1.384754033715873411e-01,4.130734644385609250e-02,7.842502943085497003e-02,1.614662370420341109e-01,-2.418043407710459419e-02,8.103983920372753724e-02,6.209740145113235021e-02,1.774247796463728488e-01,8.430250556578541832e-02,1.849938159758534109e-02,1.506619365404380517e-01,-3.691272605601284007e-02,7.874144043361007428e-02,-4.950803677624880834e-03,1.286686276723136291e-01,-1.492434224859446046e-01,-1.317409827753112384e-01,4.472436702581709250e-02,-1.540156032332548608e-01,5.161099210129430070e-02,-1.042488152301028342e-01,9.479945421250943888e-03,1.568295909966880425e-03
-1.338493465623697698e-01,-4.520727081473172732e-02,9.213641445343973002e-02,1.249775579338610089e-02,1.748855058991559408e-02,-1.223407346556552311e-01,4.722137805370418828e-02,-8.199087355375056507e-02,6.450001347914510741e-02,-1.058853065901527515e-02,-1.788313121760324448e-02,-6.245547819383619886e-02,-2.336091881422674987e-02,2.613919859584125371e-02,-3.038174395420102369e-01,-1.166570069599857096e-01,6.624236561831312042e-02,4.302324989087875917e-02,-2.336743940039384682e-01,1.118926516684673744e-01,-8.783137774512977947e-02,2.233845436678863483e-02,2.172422705944037913e-01,1.151254162175867207e-01,-2.067873591372398900e-02
-1.255011963862805169e-01,-1.540748443955616831e-01,-1.896108327108160171e-02,4.757712155368982315e-02,5.968152642212062875e-02,-2.364305736108740855e-02,2.614929101483374763e-01,3.728638483296488337e-02,1.597483280774349146e-02,1.746821607478266369e-01,9.407276177874009104e-02,1.070785841709852859e-01,3.791175193527941689e-02,5.217115747819818516e-02,1.351186050650758086e-01,-1.131552213351479097e-01,-1.048277950506346368e-01,1.505864435912317445e-01,-6.427272775974603169e-02,1.119355624753805567e-01,5.901919632987155662e-02,-2.504994649958375633e-02,-9.861831583482247310e-02,-9.577461056234909398e-02,1.568608660705987368e-01
-1.359796381402870180e-01,-2.695646498274044053e-02,-1.088670818015907843e-01,8.169455957243318411e-02,1.294275877906725380e-01,-1.049257355094639355e-01,-5.813773269700861501e-02,-8.797495314707044767e-02,7.709492295314411547e-02,5.457682064329199417e-02,-1.565718565309169863e-01,-1.644633083291273390e-01,3.257714674933927246e-02,2.093951839083462579e-04,-1.150307611265024010e-01,6.618933300999468861e-03,8.529903102943731802e-05,-9.739601514894732914e-02,-7.966441476890873119e-02,1.197312483207549211e-01,1.673440402451286946e-01,-1.261992920804119456e-01,1.604107216860160556e-01,-6.864844029732392050e-02,-1.215666327446857237e-01
-1.499883677611877908e-01,3.870547334525945016e-02,6.901044052776487969e-02,-6.268341049097145290e-02,4.734368743142132463e-02,-9.552132731617082873e-02,-4.978742446652296288e-04,-1.454289548167091856e-02,-1.204145612890315103e-01,2.107883912868532827e-02,9.534526320084307782e-03,-5.681815159058508508e-02,-1.748294655570443445e-01,4.474109186825915574e-02,-7.008962263073656440e-02,9.567843644330518982e-03,-8.325222032707467468e-02,8.438574466321015558e-03,9.600569760031514577e-02,-1.627099585753599142e-01,-6.615969103882254898e-02,1.835210189436808220e-02,-5.351177603704140862e-02,1.160774092621687584e-02,-6.366280256503459301e-02
-1.299584822199117418e-01,-1.351758644289087485e-01,-3.954008035371722046e-02,6.352587212878960110e-02,-8.832775123536076856e-02,4.922948209398122880e-03,2.103591168686630986e-01,6.969904995784854951e-02,-5.369688535392182216e-02,-1.500643028554893982e-03,1.350011630695728826e-01,9.547197488571286528e-02,1.729246215789923269e-01,-7.088133902003271314e-02,-1.368694220700320263e-01,-1.194075707551489757e-01,6.828103533214606446e-02,1.552988356416422910e-01,-4.524314340532957501e-02,-1.621063312213421315e-01,6.182084267111170872e-02,-1.904222092288550827e-01,1.317607642631240736e-02,-5.481057630442608131e-02,-1.737539782979680980e-01
-1.442480429712852952e-01,-4.678962587015975116e-02,-4.655742197644262975e-02,3.521184862368139257e-03,6.557405273443307758e-02,1.018604537170263447e-01,6.366070163334093535e-02,8.282295063668632107e-02,6.279210380691240163e-03,2.068069661831688569e-02,-1.110590686600372301e-01,-1.951840915000775667e-01,-2.047573011674503826e-02,-1.009657815804994307e-01,9.375669685877685913e-03,-1.290102102398844042e-01,1.423876793579998412e-01,-1.931796551789266292e-01,-2.033925414885116856e-02,-2.809114000740309952e-02,6.080444552989695828e-02,7.268723596212964266e-02,-8.807486415594967255e-02,3.368593505931420651e-02,1.369032177018736085e-01
-1.479662230682860236e-01,-8.248412318951597877e-02,-8.270394037083900196e-02,7.415426083067674923e-02,5.406205688414330440e-02,2.002008974975721250e-02,-5.032178820273519593e-02,1.762553860148383458e-02,-2.406438707212857353e-02,1.346382404209711392e-01,-9.266152381835462970e-02,-1.191987072732713926e-01,-6.559259834420579083e-03,4.711883801588330478e-02,-2.189314727392566162e-02,-1.494296544675177002e-02,-1.336003352742646047e-02,-7.066700106369411954e-03,9.640577293622643040e-02,-6.773284128260716186e-02,5.882523292805676152e-02,1.180672855413179845e-01,-1.462379198586732099e-01,-7.872373176630960423e-02,-5.103612214584274387e-02
-1.372282670076090394e-01,1.213759948517961068e-01,1.659575361502226010e-02,9.792869677908029591e-02,8.074678867830856199e-02,-9.072290776021735281e-02,-9.126181471835570491e-02,1.210409511333738336e-02,-1.234056398013074624e-02,1.284715960824806547e-01,1.597591054647712061e-01,-1.486872152551652407e-02,-1.306415200983931379e-01,-3.846868927742013583e-02,-6.812315120090338405e-02,-6.782604149133869553e-02,-6.992855277133126768e-02,8.815477389876130720e-02,9.153745647759495285e-02,6.921896323989203126e-02,8.539922503029721834e-02,-8.120084502735314125e-02,7.545579328374170391e-02,-1.001087447045094156e-02,-2.176742730274108112e-02
-1.300913654409391329e-01,-2.417129002305642288e-02,3.958116627360880498e-03,-1.641459508878164164e-01,-3.065821681445742367e-02,7.227990684017229252e-03,-2.021932942788432219e-01,-8.232402948273978560e-02,8.283668198721652609e-02,1.695206221820033110e-01,1.170463424849032402e-01,9.502004415838968820e-02,8.000560126411036810e-02,-3.446567957677335037e-02,1.548185801345585214e-02,1.256540173684568377e-02,3.025214098843091448e-01,-5.754591231052959277e-02,-1.341168228379216176e-01,-9.170905697138463653e-02,-5.358021892832925265e-02,5.998875183273777445e-02,1.675445732673128824e-02,6.339623547701929429e-02,2.715128051960062350e-01
-1.341167815933375917e-01,1.438993176202740722e-03,1.226540751997151762e-01,-5.358792771654437986e-02,-8.089361898406800810e-02,-7.144853814594299968e-02,-1.835018236549331716e-01,4.389428116444317463e-02,-1.186776554604722887e-02,2.337769434673416247e-01,1.223161910264568553e-01,-3.894766978675757996e-02,-9.211349219108994069e-02,-5.011951299792916092e-02,1.554972262736209476e-01,-9.389592564794657648e-02,-1.188149443249873344e-01,1.902651798136111572e-01,-1.526086162413438016e-03,4.764887667490295270e-02,4.002729962711114309e-02,5.510362835218819699e-02,-1.562531772367955693e-02,-3.729641536663029500e-02,7.390420417256364505e-02
-7.816707605977125939e-02,-3.603177817204896577e-02,-3.371609460149792986e-02,1.779529007457700263e-02,-3.196456006296366503e-01,3.369677679952906568e-01,9.138109218383996812e-02,1.718293121187961792e-01,1.205114260848963170e-01,1.884205826073971080e-01,-9.096718990376821690e-02,-8.918251425050163772e-03,-2.737760722762093146e-01,2.698139576037716925e-01,-1.094692922117825734e-01,-6.348177435474067209e-02,-5.488614128429442768e-02,-1.255451000738158351e-01,-2.695301209544755383e-01,-8.986662367510498892e-03,1.695667131908015421e-02,-1.591521025004546952e-01,1.342503636347588680e-01,1.282408247550695379e-01,-1.431666615953689214e-01
-6.841859323117148450e-02,1.892435216315366047e-03,2.063110343884285713e-01,9.138511073944510787e-02,-2.659522093932247810e-01,-1.537006777776463995e-01,1.023708820701989680e-01,-1.121957401955095690e-01,6.376064432147804384e-02,8.349527668732259489e-02,-3.038242934854436528e-01,1.179373652099114655e-01,3.272676546433792022e-01,4.557965207317772882e-01,1.243994571877854449e-01,1.871655889101868919e-01,2.475636448026014014e-02,-1.217031695274147785e-01,8.607021407659180834e-02,4.616402390765449171e-02,-6.194360643632281643e-02,3.756253650183960513e-02,3.487880441347310234e-02,5.476369782950022552e-02,1.046725850895345415e-02
-1.088911775224199879e-01,3.218957690457584231e-02,-1.095706935589760636e-02,-2.177067779130067646e-02,-1.491856336349436374e-01,-1.541910970096853073e-01,-1.668150914545964425e-01,7.037603999297606383e-02,3.023140142877757675e-01,1.888486091589404448e-02,2.536986339726721718e-01,1.884743358552862791e-01,-1.362685010793265317e-01,1.033383215405584976e-01,4.993394473593391024e-03,2.237998005760638287e-01,1.128207039376635107e-01,-1.011687970911412382e-01,-4.251974767708208147e-02,-1.542272046746834546e-01,-4.071884716841701023e-03,1.280003848382239851e-01,8.999520991373018142e-02,-2.170941039087268820e-01,-1.023404165994222167e-02
-1.432357318283218883e-01,-1.075426077235410866e-01,-2.063414454177674856e-02,-8.075611777379598788e-02,-2.996567504006706489e-02,-7.354083347891010591e-02,-5.114607626200989160e-02,7.348914523144431388e-02,-6.976990980325455116e-02,1.874553790047367441e-02,2.508307176712527842e-03,-1.746425514841961485e-02,3.481476042205494670e-02,1.293176542215936364e-01,1.547749474723214037e-02,-1.977347942976451223e-03,-4.717760965676901647e-02,2.504287706059074026e-01,-5.942094704927969318e-02,-1.533889460535252380e-02,9.642210747115009806e-02,6.574964842729288939e-02,4.784141218076361918e-02,2.156134733924954527e-01,1.836335414686359607e-02
