-1.197264422044268173e+01,-1.215892129033684099e-01,1.359364569002398992e+00,-1.262527798454522454e-01,6.633664739615820205e-02,-2.893157474849985533e-01,1.945579540106833483e-01,-7.691920723257347769e-02,-4.970742300047902851e-01,-3.242935817728990200e-01,1.780011187579454646e+00,2.221874822210072042e-01,4.064043365815948050e-01,4.772173820522273013e-01,-7.546387799696480103e-01,-4.057412856559965419e-01,-5.934794491120154447e-02,-1.227853180192329585e+00,1.114326641769232573e+00,3.137800796846501594e-01,-3.648670946206793997e-01,3.572673980984270026e-01,6.631076769637631596e-01,5.378853911315839564e-01,2.571551888548124776e-01,-8.375175037622500929e-01,-1.625975285738451015e-01,7.604397793533135275e-02
-4.712990442235858168e+00,-1.266823430305533904e+00,2.442712417492568733e+00,-2.702548651410024316e+00,-1.025607051882568843e+00,-1.338248911742577096e+00,-1.116949167432174761e+00,1.162886058349050344e+00,-2.220835787711422649e-02,-1.052809781869563865e+00,2.613574587475054334e-01,-9.357645063705319899e-01,-1.621510555120043717e+00,3.854691452959891906e-01,4.667712681440188138e-01,-1.294967914927663555e-01,1.108010956149975357e+00,-3.757523565785726438e-01,1.074984977167594835e-01,-4.480519083961633231e-01,-4.473091683332125479e-01,1.113874699585846173e+00,-2.930220116563293509e-01,-4.205453366351472599e-01,2.804562782045469382e-01,7.049404625460718721e-02,-4.763563681977851516e-01,-5.210589248753669800e-01
-5.736250456520384233e+00,-1.426643621708708842e+00,-3.486620449581829817e+00,3.960232533350823148e-01,9.755576218574166236e-02,-1.486642679561413605e+00,-4.404804978805043070e-01,1.030455782284960042e+00,1.436440841555227887e+00,-3.619484086865412675e-02,1.481673369291254039e+00,4.456079006542025267e-01,-4.999944242834271635e-01,7.213487442525279292e-01,9.296423437742418194e-01,4.951837782757931294e-01,4.110962519207538857e-01,3.080928569576221188e-01,2.572007338632792406e-01,4.830149366062741478e-01,-4.875595612851357230e-01,-1.136811365999229606e+00,6.213712236065843664e-02,5.965117329612196900e-02,-8.349072677533264653e-01,-6.889849554506138896e-01,5.351798711805456632e-01,-4.123252522099081219e-01
3.095332565239255374e+00,3.064067241252298679e+00,-1.716858972334032618e+00,-6.510044614692148679e-01,7.642870433968987909e-01,-8.134427874286556115e-01,-1.921233728932246088e+00,1.892801661948417147e+00,-1.733363249048414323e+00,1.008975578088370684e+00,5.310527212204046998e-01,-3.893146646902761465e-01,-4.437009789912386148e-01,-1.801368348185624857e+00,2.025522768798508011e+00,2.343552410228282312e+00,-4.363490881610327943e-01,-4.484655314871578424e-01,-1.205473489584783620e+00,1.507097711949618946e+00,6.552307738233362211e-02,7.642347240307587053e-02,7.637674880440610270e-01,1.171415928002726980e+00,-9.772419462277512903e-01,-5.417771302210692141e-01,-7.494960036413400584e-01,4.086927336829802582e-01
-2.022225485883696994e+00,3.104721310126759448e+00,2.649284292532061991e-01,-4.334143514652268436e+00,9.209935075921715786e-01,-1.053566769594401986e+00,-2.026460369970478403e+00,1.582509575647676581e+00,4.077813299349526965e-01,1.428737461637750172e+00,-6.103586120380807833e-02,-2.397991590959940855e-01,-1.717038428415378348e+00,9.685284409062039357e-01,1.218319984455828786e+00,-1.052454159770773723e+00,9.106888752518673691e-01,-2.445552491412434470e+00,4.432863285266767650e-01,1.596200413950561448e-01,1.738720410606224842e+00,9.446073647775183879e-01,-1.474434242968453435e-01,1.961035146845974131e+00,2.003601089166017757e-01,1.016451747882987089e+00,8.405364185577031133e-01,3.437057324254993440e-01
-6.231504439941571327e+00,-6.011038262537825583e-01,-1.640316194540138106e+00,2.655693593804565183e-02,-7.295406247609357298e-01,3.695779562961308828e-01,-1.653704936445391960e+00,-9.314098325650603805e-01,5.131121604248976009e-01,-8.372389788159306789e-01,-1.550480211220689020e+00,1.172143889877284295e-01,6.353820587943965759e-01,-7.545132133767423754e-02,2.026193023745851640e+00,4.897979404520446667e-01,-1.412491351105489068e+00,4.422543237697162954e-02,1.391026890649845971e+00,5.981659758143685890e-01,1.321580177578060566e-01,1.885001666379195195e-01,1.267372235977511918e+00,-3.700661859194499526e-01,5.346988166817588928e-01,1.137848275848730273e+00,1.005463817435169771e+00,1.843332446019490256e-01
-7.000852929833081717e+00,-5.222336700325359793e+00,-3.618920465550811566e-02,1.322033611375318829e+00,1.163515727643805064e+00,4.428616794731224382e-02,2.806408517479941911e-01,7.768903485204579074e-01,1.793492131187261807e+00,5.942963511539796073e-01,-6.808832172685502782e-01,-1.282857656566851023e+00,-7.951489225977350639e-01,-4.191282287962837527e-01,3.626826319557231448e-01,4.363800106939570989e-01,-2.168754651352695906e-02,-1.742083050524051158e-01,-2.880063726416015601e-01,1.723053981519445665e+00,-5.235957823303751812e-01,1.951118868776418935e+00,5.733767323405192240e-01,4.546566935740897208e-01,1.296687937323837692e-01,6.445268266551380798e-02,-6.250008802434927624e-01,7.401151529557406517e-02
2.219097873141670174e+00,-4.238032255610584276e-01,-6.533754565217742005e-01,-1.861845243176635023e+00,-6.617221108330058055e-01,-4.999336461976623958e-01,-2.029958131519948861e+00,1.006089811787019617e+00,1.547054513986322544e+00,-7.105748878977743432e-01,1.745704485805730510e-01,4.977999658117181481e-01,-9.419977266202766986e-01,3.008051909375772381e-01,1.063333689562776074e+00,1.148131034691453278e+00,5.233848712770143852e-01,-1.740635083078460321e-01,-4.372294459764192731e-01,1.114552933943439239e+00,-4.303337665567751880e-01,3.482650921053808135e-01,3.257845026958573476e-01,-5.859726721763671708e-01,1.718782779157086715e-01,-8.118418068949807553e-01,6.786886576448653008e-02,-3.430150227965418352e-01
6.344764968216527024e+00,-2.827045160477331454e+00,-7.544754641343128787e-01,-2.055442322503765684e+00,-2.205153267181494403e-01,-1.529091546319337080e+00,-3.536099049532274996e-02,-2.168002757342529563e+00,1.780823336688140968e-01,-1.354915894096005546e+00,6.856847321515571192e-01,6.299194201330293730e-01,-5.737932812866440857e-01,-5.486443940491569915e-02,-8.963005517146693801e-01,-1.749744420984945981e+00,4.008904898253586313e-01,-2.950365007496614234e-01,2.083437024794918546e-01,3.196515128500394542e-01,-2.038402190992903429e-01,-4.615103775871022274e-01,-1.533029709950729291e+00,-1.706957153363546364e-01,1.456295686790476662e-01,9.333064688282852739e-01,9.630300158989361925e-02,4.944661950226539870e-01
-6.307842416332790636e-01,2.116563815104386403e+00,-3.722990953549799364e+00,5.711832957799771737e-01,3.697474859249188395e+00,-4.530885679896983764e-01,-2.670187267959477362e-01,-1.050576911626229792e+00,-8.472148974785725928e-02,-1.691342688940372097e-01,-4.414024891881871970e-01,1.836023785473987063e-02,1.807244545119595508e-02,-6.696907377420914520e-02,8.459596086953854455e-01,1.483885670452392003e-01,5.315897964691287392e-01,1.153140622764174950e+00,8.204365335628670541e-01,-5.395987982940341210e-01,-1.334698541009122774e+00,1.288108543164090847e+00,-3.629342567078698845e-01,-4.267373850103074739e-02,-2.977981168518566979e-01,-1.590083025715914644e+00,7.314409467291083100e-02,-1.872159496064265127e-01
4.200562818783896368e+00,-5.228591249391619789e-01,-1.931282882682278323e+00,-1.285197492253366658e+00,-2.675061279591731456e+00,9.722320412387290833e-01,2.532298946403461204e-01,1.533040979404277415e+00,6.392410225603268881e-01,-4.471699229515869733e-01,2.482013288259750372e-01,1.162085814119525606e+00,-1.394562348649048600e+00,7.225490509393213412e-02,-4.195312672930093245e-01,5.502671468828023160e-01,-7.882008211324159630e-01,-1.472972933647556937e-01,-7.777091840369269038e-01,-2.164789210861259305e-03,6.666267031204364812e-01,-1.589032392647469205e-01,-5.053613489388988356e-01,9.979106866021500988e-01,8.074745144079484849e-01,-1.072920308623921404e+00,-9.671372047527111437e-01,-6.651602554829338931e-01
-2.902012252250243396e-01,9.640269923131397078e-01,-2.317941834730344652e+00,1.730615136510422536e+00,-1.133648465617480117e+00,-1.032962649533042621e+00,-1.306148860760197428e+00,-4.967807920614053518e-01,8.561874790351622355e-01,1.564059894374394188e+00,2.310288080604140926e-01,3.159044052501693289e-01,5.592018991642976333e-01,1.417047672875259012e+00,6.214802551233649108e-01,-3.274312383808330451e-01,7.156960156848738430e-01,-1.298633721148675368e-01,-1.445760536498578608e+00,1.047911671675934686e+00,-5.456844363191761804e-01,-1.832533613617195023e+00,-1.352759462500254251e-01,2.258843213638760394e-01,-1.556939810798270152e+00,-3.521347001129031540e-01,2.474850349619812095e-01,-8.057353773852844459e-01
-2.851454411461974425e-01,1.107929257693714975e+00,5.405719794069441253e-01,-4.627693086132086409e-01,6.498885025330666254e-01,-1.190283334711045082e+00,1.312321190608591870e-01,1.707647816790743844e-01,1.710400365334842077e+00,8.590900908140974845e-01,-2.607836193852819950e-01,2.319476011605496046e-01,-7.604107648740632275e-01,4.399230032301465476e-01,-1.263291374704674563e+00,-1.050442658513446759e+00,-1.932501129385088889e+00,7.741538204478298768e-01,-1.185470557272811032e+00,1.192163402129906569e+00,1.051844303403773884e-01,-3.613651843721931156e-01,-4.931460987278129537e-01,-1.448807189603529971e-02,-1.259102686565506835e+00,1.091483023899127769e+00,-7.288153036154125519e-02,-1.016977054190406848e+00
-4.544168377117431490e+00,-6.564219301524520933e-01,1.040056289223012520e+00,-2.045064549871170367e+00,-2.808954205796025061e+00,-1.002479483549947870e-01,1.752480398067836731e+00,2.181224428522813064e+00,8.195003609683951806e-01,2.086080782663314537e+00,-1.002968159359877376e+00,1.207083661332492425e-01,7.645951307257395357e-02,1.637698261263618393e+00,1.040717834898285066e+00,3.740397076599737969e-01,1.952463034339954606e-02,8.042941065261396405e-01,2.646834278251726236e-01,-3.717998884188025710e-01,-3.194170511805136670e-01,1.698103275361478592e-01,-4.424565490175238480e-01,-3.023592591286446418e-01,-1.961328342564038971e-02,8.169966393106135039e-01,-8.833680525382012205e-02,2.499624484688979797e-01
7.780420444836291693e+00,1.040305806666816046e+00,-8.036907520640057534e-01,-1.096873451636020125e+00,3.144675689911586303e-01,-1.688362859418417017e+00,-1.563583865271081508e-02,6.258818503463776661e-01,-1.267034017298590276e-01,-4.543282478738143726e-01,-2.502936466319329423e+00,4.163939215073111377e-01,5.768469549766894883e-02,6.042776429603586436e-02,-8.089575289083015264e-01,-5.871358816876978137e-01,-8.214735662699573782e-01,-1.619677450013164099e+00,-1.059075888342023708e-01,6.262354091214700214e-01,1.010061060887626372e+00,1.652137376965572502e+00,4.781597222731232000e-01,-3.752221205956154937e-02,-8.153888614062666518e-01,-4.424500190100323360e-01,8.619227288561152056e-01,-3.003016260709352458e-01
-4.564419236568670435e+00,-2.972101315975136160e+00,-1.136555990971526153e+00,1.919851506939029145e-02,-2.922615910630306790e-01,1.382688334274689179e+00,-1.929497267330574806e+00,-1.414048885989862558e+00,9.280726886686085919e-01,4.314804600801495083e-01,2.004946996184956975e-01,8.617086294051152784e-01,2.089319060456673871e-01,-1.743919646479243024e+00,1.715485887783429586e+00,-1.404684004495332816e+00,7.052596930027411615e-01,-5.192931518885623987e-01,-1.478077574509680581e+00,1.075366591421273998e+00,1.774405578986106846e+00,-6.593226912251108907e-01,-9.832331924807155010e-01,-1.024386834888587172e+00,-1.173241653525030487e-01,1.031929532641030073e-01,-3.375111566703706267e-02,7.387350965267194813e-02
-1.066105211415024812e+01,-2.567701937229930120e+00,-4.010897271438779721e-01,5.021310972936635642e-01,-1.928020044318310422e-01,1.173906658712134954e+00,-9.189086073102865626e-01,1.004646525375934685e+00,-1.030604147847843821e+00,7.861491035313102893e-01,6.523821169249635066e-01,-7.651701758321536317e-01,6.618026599921638109e-01,-2.127221804889112278e-01,6.923376017398883420e-01,-1.116552049959647297e+00,-2.445012010034905980e-01,-1.174400120458318098e+00,-1.594505303726643453e+00,-1.302186268673989344e+00,-3.719663598649345926e-01,-7.396284586178059062e-01,-3.430962909166588859e-01,1.654757956152135834e-01,8.099880079960174173e-02,3.750679531984116855e-01,-4.526049120487098398e-01,-7.897789094658826947e-01
4.541987411819383702e-01,2.431753735197432320e+00,-2.020679100974816400e+00,-5.994811681816663018e-01,3.272699514747475225e-01,4.124458240138378362e-01,1.714840566828520041e+00,-1.237258326653472684e+00,1.553525475618647622e+00,-2.343315244369580164e+00,-1.465109701198426650e+00,1.433383363082084028e+00,-5.857491040663825865e-01,7.995323320609979412e-01,-8.817510426566858017e-01,4.932256290445652946e-01,7.701362419780676261e-01,-8.888724473047924235e-01,-4.625448335772309183e-01,8.695037873109269233e-01,-9.913290041944348152e-01,-1.575574387528584808e+00,-9.668405414648206797e-01,3.076974398902059815e-01,3.976214475717317343e-01,-2.530326272547284150e-01,7.662794982475228389e-01,6.660843970907380784e-01
4.101003725726516613e+00,-2.773455410864048787e+00,1.811753580326375124e+00,-1.390661997776994285e+00,1.458428526988473362e+00,-1.590481562909187074e+00,-8.648816265848223717e-01,5.392245181438815038e-01,1.209845073449041797e+00,1.061880735414725496e+00,1.760054815267524386e+00,-1.460871870533062111e+00,1.199655331069180875e+00,-5.834830406515861823e-01,-9.351383479506801821e-01,-2.059505157552486143e-01,4.407030436007114416e-01,-5.285897152912278907e-01,2.095076013186740305e+00,-3.698992581401343571e-01,1.824249000907936236e-01,1.114463247523319378e+00,3.658537215663610898e-01,-1.057645253626034565e+00,-1.161547856838214710e+00,-3.993138627760380310e-01,7.656673169240356680e-01,4.150658833600839870e-02
-6.906553734448128701e+00,-1.661165497212311326e+00,-2.441920449882521549e+00,2.096530200174022252e+00,1.896569624476365235e+00,2.872100975646716847e+00,1.197228915054251219e+00,1.145962014107932747e+00,2.781300274276858886e-01,-1.316028067157473558e+00,-9.102089503608841448e-02,1.779902050476363407e+00,-8.511155947041811887e-01,-2.878611071496158580e+00,3.080867886070705053e-01,1.114606470576883446e+00,-3.097831351921759291e-01,-1.713465633221396001e+00,4.362746725165758677e-01,-2.162104651516735476e+00,-1.115570497461879085e-01,-4.570381773630309841e-01,1.391475920003780453e-02,1.324957413406170070e-01,-2.870902007682659685e-01,3.485637095288653953e-01,9.992753922800339250e-01,-6.393582136548581207e-01
-1.176557545047865139e+00,-2.311407494250535821e-01,-2.257130981346590737e+00,-1.753507419742970752e+00,1.087122968957582536e+00,-1.283558314931218414e+00,6.679376385393867022e-01,2.761546781288080621e-01,-1.744840179895700949e+00,-2.417707204559067236e-01,-8.876490082838460471e-02,1.412693244443567808e+00,1.176151328520539940e-01,6.208854809875559155e-01,5.488336287835953176e-01,-9.192059611582265033e-01,1.325627050338869406e+00,-8.216624109613512861e-02,6.499661257389396929e-02,3.970122124668022945e-01,4.203291702015098386e-01,1.845092859085056547e-01,2.716852238051635782e-01,-1.071176676963199181e+00,4.670178244849045035e-02,2.641891156777355087e-01,-2.844467465776385762e-01,9.048804226530204886e-01
-5.032654345220689329e+00,-3.875617857284127332e+00,-3.710961505900270407e-02,7.829071468099106923e-01,-9.835906239033638254e-01,4.306681003535286489e-01,1.662586310863869210e+00,-1.095569060089170710e-01,2.091693833459527530e-01,1.054455296964709632e+00,1.092208809546680648e+00,-1.493719729760122072e-01,-1.364358615214768644e+00,-1.636814232697941573e+00,-5.853306776098891051e-01,-8.913445982084607921e-01,1.481045174761201899e-01,7.925052119176200227e-01,-3.483348105481947621e-01,5.443376362892408116e-01,1.967992960398269597e-01,9.000865582664135944e-01,-7.139640410448313546e-01,-3.278393669259456189e-01,-1.979171830942155763e-01,4.946719942721330976e-01,2.019928630380005141e-02,9.324275671108271935e-01
-4.149475506179557405e-01,-6.731571146243688908e-01,-2.271551840114615306e+00,4.948115562032966430e-01,-3.839257046470145318e-01,7.761798838885165530e-01,7.565179514501907398e-01,-1.786406802213616141e+00,-1.470358681342501805e+00,-8.752005352634613100e-01,6.518931381690290516e-01,4.013388187893162096e-01,-1.935627306610455456e+00,1.390810314957343641e+00,-7.956434097457637522e-01,-3.415401373442889521e-01,9.385755529666434116e-02,1.966540621732454919e-01,-9.025854896354311707e-01,-2.439884252978319346e-01,-4.438371582839543139e-01,-1.114852997876836921e-01,1.740905795215454521e+00,-6.173275066709142944e-01,-4.460580524113013645e-01,6.570084831703736361e-01,3.600524827248057225e-01,-7.208223250400973975e-03
-6.472737238142235228e+00,-3.849930561662250339e-01,-1.202467690467236450e+00,-5.004157150083096139e-01,-7.769064433533584557e-01,-1.950690911040626974e+00,9.395992106189024473e-02,3.095279317125968488e-01,2.119504056331879216e+00,-5.262558855368599797e-01,1.468114284579987272e+00,8.129439611687554468e-01,1.173194140217975745e+00,-5.273876023327908058e-01,6.349279052673427737e-01,5.888884023066218859e-02,2.327039920128004813e-01,-3.683757656627513200e-01,5.420051396373521957e-01,8.365835488497944672e-01,-8.482136444252004193e-01,-8.242736802664408780e-01,1.553644960999874813e-01,5.848968642394988260e-01,8.345186242848678937e-01,9.390498965732127501e-02,6.196537696317682142e-01,1.198607142587197805e+00
-8.013586461932037608e+00,-2.479072036911448507e+00,-5.221586077666859893e-01,1.774107478630063017e+00,5.247339516864922837e-01,-1.476565446401352011e+00,-5.998596531178389257e-02,-5.479399422158254263e-02,-3.338773589380225615e-02,4.678369893693961612e-01,-1.666039399339145355e-01,9.782506425643429093e-01,-1.027082787421520704e+00,-1.470028529877477619e-01,-2.107396157075839938e+00,-1.009269733325061535e+00,-7.860910990254803554e-01,-6.681077065360481182e-01,-9.990783783943368856e-01,-4.264102160417101439e-01,4.145081606647274541e-01,-7.272740163624151488e-02,1.936654475638730055e+00,3.929700532103821420e-01,-5.454816726939273330e-01,1.872608432922304444e-01,1.255110588101840063e+00,2.449684012486746942e-01
-2.110893234719024569e+00,6.814466229301077149e-01,-1.922489376501625546e+00,-2.703031420993715184e+00,-7.416208047529464498e-01,-1.513082297605971016e-01,9.669342329157115667e-01,-4.946289226885665080e-01,5.434249592575234322e-01,8.697552100773960904e-01,3.661960570635244272e-01,1.646964635666264387e+00,-2.815990111330132772e-01,-6.167715661877727351e-01,8.169458659525828947e-01,-1.851377393314593167e+00,1.680730758301538286e+00,1.146255063856638001e+00,1.644016753316919210e+00,-2.690516709322688382e-01,2.160374873915164029e-01,-1.290155676718572009e+00,1.632381792223676964e+00,-1.384782673520757457e-01,-4.526741321603926504e-01,4.110761524807873823e-01,-4.114582911995796066e-01,2.439221526630093173e-01
7.264024653481712113e-01,1.086929642610937607e+00,-2.575205298450067848e-01,-2.290727993910278926e+00,-1.750946148251286472e+00,1.761894519756242117e+00,-1.885428218155613012e+00,1.069920232066116528e+00,-2.026330314109137110e-01,-1.534529550111558560e+00,1.338312791988159667e+00,-4.211803526226023942e-02,-6.697089863791149122e-01,1.535809903670546595e+00,-4.638805154944463105e-01,2.276062114080044108e+00,3.555901412678523776e-01,-9.995776771373708625e-02,-6.864091546183430370e-02,9.748060572328708095e-03,-3.336684676750287237e-01,-2.521475772041118502e-01,7.868592234292179910e-01,-7.893107203374811753e-01,3.840038583231888403e-01,-5.684805186719089909e-02,-1.495178997142778465e+00,1.090971173580286280e+00
-9.680111571032039564e+00,4.715248581079423573e+00,-2.005070376056952153e-01,-1.255833965678877728e+00,-7.403462435290654176e-01,5.329702946105399075e-01,1.384066236829537777e+00,-1.564210100515858848e+00,-3.724422514775158066e-02,6.427089732672648381e-01,7.753335343730607954e-02,-1.307891591492112537e+00,-3.389897971641604446e-01,-1.619512561067083078e+00,-1.490188486263116507e+00,2.184504271722398361e+00,6.426420557289964641e-01,-5.964083415359573426e-01,-2.876962851893791751e-01,-5.710594767165310115e-01,-1.100523814383014720e+00,5.876661521669862553e-01,4.378322278097761533e-01,-7.349723312032303557e-01,-1.336531193944730855e+00,1.135043333816887712e+00,7.020917754352384854e-01,5.450046047944103744e-01
2.086764774545410095e+00,-7.031178334188031842e-02,-4.788500201789983590e-01,1.722299197182123986e+00,-1.189702258170318716e+00,-6.864788529795703975e-02,1.049740509922985954e+00,1.721600411681821985e+00,-1.683096180708487655e-01,-1.195959329018549733e+00,5.306220440693132367e-01,9.155673412286269297e-01,9.312837957441892911e-01,-2.319688848785007307e-01,-1.531627398836254095e+00,2.593965349971650292e-01,-1.371381005483354731e-02,-4.822044672688454714e-01,-1.625275771254304891e+00,-2.827601594488291514e-01,1.176421457238183477e+00,1.220721583937447008e+00,6.216716483002369120e-01,-2.681597457931672590e-01,-1.616914472751200593e+00,-7.055633973246336343e-02,-4.926022840981391648e-01,9.748687164182148757e-02
-2.658496564226928260e+00,2.089081994871936909e-01,1.424988724440431898e-01,2.577958170220039147e+00,7.336247736057631696e-01,7.301693060612651776e-01,-4.522965579037906414e-01,-2.002090544952539020e+00,2.466708295909394166e-01,-2.675057479132266214e-01,1.868189282061286205e+00,-3.395351832785556412e-01,-2.363419236664007494e-01,1.434308936791899525e+00,-1.321608869815612319e+00,2.673286444988526300e-01,-9.781848648117806855e-01,4.452306825778412080e-01,2.687618150469526679e+00,1.401862449541155575e+00,1.359050813600528818e+00,4.313995380821235015e-01,3.748691641557249099e-01,1.416617147854735692e-01,-2.519563609738743049e-01,4.191186382785833109e-01,-8.880197540647357668e-01,-2.995155681124090918e-01
-3.224750582501193730e+00,2.222897729010296253e+00,1.479488476018546939e+00,-3.837141631310177381e+00,-6.703662419593496569e-02,-1.098045655766133111e+00,-8.291655377679528760e-01,-1.411443432051832314e+00,2.016518706388095605e+00,6.619669046358315212e-01,1.453576317755985170e-01,-7.483427641060764746e-01,9.522348544732920361e-01,-5.475734488716799131e-01,-1.060680297153651308e+00,5.744611743978192964e-01,6.634234415615749558e-01,1.132499395191541858e+00,-1.190268496922030961e+00,-2.395364630675642648e+00,-6.130244541260208013e-01,9.082923367288334854e-03,-1.925942627753802483e-01,7.033300658469570088e-01,2.459166218428099696e-02,-6.326305099900020323e-01,3.347173242167744700e-01,2.956686251729704895e-01
3.977532950577265525e-01,-4.576796371592161128e-01,1.389219201333603132e-03,1.538150083739017737e-01,2.452707679236014293e+00,-1.019367016497709111e+00,-8.600359338960251732e-01,2.685689943950151815e+00,1.024536383627140668e-01,1.041322177543029665e-01,1.344908215338950663e+00,5.258915559959496111e-01,5.264145968542849330e-02,2.127600433981067796e-01,-1.004158773744899591e+00,-1.029910426795356715e+00,-5.400325932182190591e-01,4.447208877614688971e-01,-2.814770897704879649e-01,-5.118905812896269447e-01,1.349984750528632205e+00,2.365766290393015447e-01,-4.574785976351643524e-01,-1.415698806771516827e+00,1.423235706541071260e-02,6.322134279760263098e-01,3.959148188799423984e-01,-8.949701535128026242e-01
-3.617828033552386469e+00,1.171252164190317968e+00,-1.159216041573223555e+00,4.219386016842880394e-01,2.859732761280305846e-01,-2.222022190407656250e+00,6.971970330725295595e-01,-1.353693418062613008e+00,1.858936158980881936e+00,-1.070187318469722593e+00,-2.859990654019669565e-01,-3.036101278695158001e-01,-5.461838391234362378e-02,1.000975883322880788e+00,1.666232534896676942e-01,-2.346787834984069565e-01,2.843668096299384884e-01,-6.459012168822498845e-01,-2.405024608151584420e-01,4.298985102202938502e-01,3.718688659253646667e-01,-2.058412076452888484e-01,-2.072232529382867838e+00,1.566153420293402432e-01,-3.010570149348774094e-01,1.278481175220083532e+00,-1.811585785503166957e+00,1.249857337218052367e+00
7.557802169295774197e-02,-1.508519422905095331e+00,1.186638240398959487e+00,1.202941137801241345e+00,1.522177811416256077e+00,-1.898266021523897784e+00,2.353458884238084636e-01,-4.960428777194619276e-01,4.904396123218446868e-01,8.295714654559259715e-01,-1.226413234741680514e+00,1.630060973619516629e+00,1.040894204942238055e+00,7.273162235016030763e-01,-8.281292210051470759e-01,-5.613561291227412570e-02,-7.006850854394172101e-01,1.292826111547040302e+00,2.802684171203491115e-01,-2.590505205463984328e-01,7.865400612873725550e-02,3.457800959606623925e-01,9.509711148422888005e-01,3.669285715515375190e-01,6.508155266969825603e-02,5.804524871220574367e-01,7.001050626449087932e-01,-4.625837825176454254e-01
5.461063892666045305e+00,-3.034452660471428587e+00,6.606301091748417731e-01,-2.867539902094395909e+00,1.683564953764438155e+00,-1.786788309589152357e-01,1.334738586697060692e-01,8.151253689865106677e-01,2.352034865897096871e-01,4.922453891652391889e-01,-1.841989124944304113e+00,-7.214390132024934843e-01,1.640460509625203678e-01,-3.974896714382890606e-01,2.828131248327260261e-01,6.633593943603563470e-02,6.830234565433760396e-01,-5.139438359576743443e-01,-1.834697703740871155e+00,-7.245479257300934117e-01,-2.114431210187662558e+00,-1.151303628729826722e-01,1.526793996776913520e+00,-1.251410192615228789e+00,4.559402502650556910e-01,-5.001955945937047732e-01,-1.928784975429939930e-01,-2.916085470906081833e-01
7.440345901349052493e-01,-5.737830624523907463e-01,-1.551046544157618223e+00,-3.077249761247474180e-01,7.576182466493531775e-01,2.343480655899001230e-01,-1.023509332078785583e+00,2.172772963509623345e+00,7.838288582807693139e-01,-1.923756982559562845e+00,8.411307785435541140e-01,3.508047894065331462e-01,1.629699785830701630e-01,1.361310016650041588e+00,-1.885157622885543338e+00,2.363867304171011485e-01,7.025827056255735670e-01,-5.480763240165880124e-01,3.056467311243648011e-01,-8.525912977770410128e-01,-3.834260140994058541e-01,-4.638789129386909904e-01,-1.611328108624592581e-01,9.776172888699116159e-01,6.303102189049665238e-01,6.546662644448024704e-01,3.786553419578188029e-01,-8.395752960333042747e-01
1.207938370746410195e+00,-2.823063378696579306e+00,-6.018682639138795976e-01,1.493606647461823034e+00,-2.449900681728301999e-01,-1.867681384425015523e+00,1.189040841737353249e+00,1.438643540187520831e-01,6.412867576579235340e-01,4.471846833506041285e-01,4.691430177153944059e-01,2.057002786170897046e+00,-1.573727641879703043e+00,5.239673886487145049e-02,5.785845427986312517e-01,7.991770394923687348e-01,5.611013869202481352e-01,1.057621935041132000e+00,8.882205900482413874e-01,-5.941713758108053689e-01,-3.322099699013267293e-01,1.034397260516644712e+00,1.363406328035898785e-01,6.910764245928527894e-01,-5.682351054427507986e-01,-7.634552000042256203e-01,-4.457961122063208159e-01,4.060326648894085899e-01
9.288739282281651688e-01,1.488026620276847511e+00,-3.184187089245671398e-01,-2.633601541987935057e+00,-1.323609017901488938e-01,3.507728949463668311e+00,-2.040113044918575369e+00,1.754098211984054800e-01,1.272767146576980313e+00,-8.022395740894326666e-02,-1.223025657699667423e+00,1.056404389213615458e+00,-1.348173561316568625e+00,-1.402831153377077422e+00,-1.841860972772236593e+00,9.268388699626753935e-01,-1.073855125856723935e+00,4.224383225469936498e-01,-1.907340650056144615e-01,7.765782779700443339e-02,1.580623674387368727e+00,-2.907491359234467554e-01,-1.667254666924761208e-01,-8.793979621708100103e-01,-4.898323789483388646e-02,-2.125846691350488094e+00,-3.812516850757518561e-01,5.606396559954055503e-01
-3.676990637351791325e+00,-4.077682715524671764e+00,-2.997903636012900774e-01,8.752702443739623916e-01,-8.754840405240874590e-01,1.671593156327053631e+00,-8.136344854418808836e-01,1.048945028563376403e-02,5.620485011053073521e-01,-1.243896300367155039e+00,9.425699401474358918e-01,-2.524062567474446794e+00,7.507711294308611061e-02,-1.111615820132964449e+00,-8.277146981174871021e-01,4.147856022431593570e-01,5.943610600399615862e-01,1.141975401162160786e+00,3.641772128413700571e-01,-6.058509820446245087e-01,5.017075431718284184e-01,-9.960821702876709871e-02,4.494395806847477082e-01,6.739621938977562454e-01,2.409330526947096041e-01,-4.274717465975987896e-01,5.972611357909267671e-01,-1.184949805884296936e-01
-1.404527443911007145e+00,-2.336337698710549304e+00,-2.847659794148501344e+00,-2.375595132268366161e+00,-8.843015197646936221e-01,-1.888178329901638364e+00,1.357867868986755600e+00,1.661799525085009055e+00,-1.619719066015367748e+00,8.196648660901367789e-01,1.157997725296984859e+00,-5.642337885063677394e-01,-1.254591549579822995e+00,-1.256107118227225650e+00,-2.343672678418020072e-01,1.533365815600798765e+00,-1.772640836687397803e+00,9.682568595295526492e-01,8.564555437182206354e-01,-3.952708500831558225e-01,5.990577062189916813e-03,-1.101699818443769630e+00,-7.749231887056120538e-01,-6.919571801956649892e-01,-8.581419888066333934e-01,-1.163907264802655828e+00,2.889958120210503467e-01,-6.648566302551350837e-01
6.191536122812055787e-01,-1.344362240797559949e+00,4.580740625744928463e-01,1.301248776497403448e-01,1.267381532895612839e+00,-8.623603327790499984e-01,1.787226761712652490e+00,2.460257644322134674e+00,1.515573761181813861e+00,3.517325274286365322e-01,-2.138911113160505140e-01,-3.999911323296836407e-01,6.254258572848629960e-01,6.258885723000601198e-01,1.442478242419976242e+00,-5.366981208052792329e-01,-1.194166919680823336e+00,-1.879653478358305208e+00,1.591867008066578659e-01,3.724457221762185188e-01,-2.903108594350550242e-01,-2.552534374962263652e-01,6.059122620026550221e-01,-1.944873826523021210e+00,5.549917595813552706e-01,1.693502110132915073e-01,2.001546750800250740e-01,4.255756000353255741e-01
1.248541029214972564e+00,2.011710809504883457e+00,-2.334991406863240471e+00,2.128683370213368120e-01,-1.944663460907617436e+00,1.010279961651257448e-02,-3.280644209418876467e-01,-2.523439873318203297e+00,4.173990702429699606e-01,1.562775989429179835e-01,9.563169044572722433e-01,-2.372130421388969901e-01,-7.731285882347646021e-01,-3.980480269181493336e-01,5.469313938835155264e-01,-9.266303473025914172e-01,-2.127894659057651072e+00,-4.519969243196178543e-01,3.103603531708192254e-01,1.383746434741543463e-01,-6.847770881314605429e-01,1.134815125545027392e+00,-4.330598738949046345e-01,4.679478282625760821e-01,4.260025458483033822e-01,1.019861481785619001e-01,-4.320589334280898752e-01,2.088288037777360773e-01
-1.100179510244795988e+00,-7.125438441144470447e-01,-4.834369061911668042e-01,-6.547781859485757305e-01,7.780732254825845073e-01,-7.507338731528265252e-02,2.191590228910364146e+00,-4.293255246718486462e-01,2.999528447427317612e-01,-8.048417502911900945e-01,7.594928650819284810e-01,1.271946776962245007e+00,1.535852059987463658e-01,-5.866338313280926586e-01,8.109805077078751090e-01,-9.457918149818078657e-01,-7.878959209693947585e-04,-3.643099797018790054e-01,-1.075616019713703519e-01,-1.134215983868102073e+00,-3.905229491158688226e-01,2.772691375147227633e-01,-1.518850640593393919e+00,3.019878272132150432e-01,-6.194757231843945888e-01,-2.967918501837992773e-01,-8.435106644982964808e-01,4.061212894715962585e-01
2.006212194906576318e+00,-3.604520349528587353e+00,-8.275446814405464924e-01,-5.199381473734328019e-01,2.071508092763241660e+00,-9.227771354043183827e-01,9.773955412834051115e-02,1.310424393332982884e+00,1.423682745245508086e+00,1.858213545527114263e+00,-2.291920143758916506e+00,-3.208612630028406243e-01,2.976266756268594049e-01,1.522863820469403107e-01,-6.151854541541879051e-01,1.541328808058419986e+00,-3.734690821477820166e-01,1.269907070799584092e+00,6.250671753673927578e-01,8.127583772569034748e-01,1.238790205011933043e+00,-4.692436885777396260e-01,-2.198291195756223726e-01,-3.960585397992702483e-01,2.417572438376585087e+00,3.484875265729173166e-01,1.506951436472611650e-02,-1.023436863914492401e+00
7.542116779512797464e+00,-5.683610331794712867e-01,-2.006204910156294208e+00,3.338293253176343178e-01,-2.545134842794487540e+00,-6.337164477125176720e-01,-2.573769900256015486e-01,1.368613880979917319e+00,-8.670274074162745981e-01,7.221388675056166218e-01,3.506134362714927732e-01,-3.179716374316946537e-01,6.966857308565532758e-01,2.998011399496752216e-01,-1.396368274168473089e+00,5.542757907389361804e-01,-1.436131815169606307e+00,-2.970501340828685777e+00,1.047302019834101650e+00,-1.104327046161086567e+00,-7.256283213393468490e-01,1.157201046877433637e+00,-9.431808040664393378e-01,5.690150646069954687e-01,1.239626071117658324e+00,7.741414629491564225e-01,4.728425270433019023e-02,1.052815045576763198e-01
1.126785403920277773e+01,-8.708901135856851994e+00,7.197157530737194886e-01,-2.624016653917375486e+00,7.017557657546567018e-01,-1.131614774677112578e+00,-2.458441221960632472e-01,-3.079559178156130894e+00,-7.268187576436037078e-01,-2.179339709075958087e+00,-2.861687230302877860e-01,6.862288408816616947e-01,-1.293386102813044447e-01,2.423649648681540092e-01,-4.922223761158080191e-02,8.541407644960765655e-01,-7.376162456774708609e-01,-5.568572487641365587e-01,7.110559419402433523e-01,1.542837462651959202e-01,1.162143646709434541e-01,-5.345961049948462218e-01,5.462111929366822993e-01,-7.699332382385629669e-01,-6.814162790325776209e-01,-2.891464923590320035e-01,-6.036087567970475076e-01,7.520297048475820256e-01
2.111109183113280885e+00,-4.416124833176003905e-01,-2.365255060808129084e+00,-2.488858770462659908e+00,2.319350659610183718e-01,-1.318813359411157071e+00,-9.942041453866108380e-01,-1.366025551876761224e+00,2.756833459161199817e-01,-2.262763473434895367e+00,-8.144477781028340579e-02,9.200938214221658917e-01,1.398882588527889270e+00,1.540497648221784255e+00,7.851279125703869433e-01,-1.788890366561815548e-02,-1.139438502484512172e+00,6.868806433292309332e-01,-4.232911649197115822e-01,-6.103790838785577710e-01,2.854723984623978583e-01,1.272322471658113407e+00,-2.159565342483330264e-01,-4.640058039613821905e-01,2.968855747015606283e-01,3.624328498975699642e-01,3.954546546328148171e-01,-2.689051286037572597e-01
-7.211144901220070125e+00,1.717071024222974751e-01,-1.395274970157152072e+00,-2.931988048714765857e-02,-1.621117426163580788e+00,-8.255409027579472259e-01,7.056089473503857068e-01,1.204906639623164022e+00,-3.228218612906272877e+00,-1.153574861580952460e+00,-1.425217922858324604e+00,1.500475864309071539e-01,9.899017798115006261e-01,2.639410237889502353e-01,5.713399654130194572e-01,-4.992622127230258444e-01,2.194771729704600993e+00,2.849515652929823784e-01,6.484801335365645292e-01,-1.548269872145644765e-01,-7.868793221588728237e-02,9.109595777055538024e-01,5.001433960130874379e-01,-8.695861030596736541e-01,2.710219370341137024e-01,1.987206422639434811e-01,-5.525503182493871623e-01,-9.913348932343724051e-01
2.389285425586805678e-01,-3.631172940605263966e-01,1.735445926414922013e+00,-4.093567675982172638e-01,-1.933234668951829383e+00,-1.244045258901119055e+00,1.605505452539751854e+00,-8.012004865489656680e-02,1.328392843650168242e-01,-8.814174893292745505e-01,-1.539276805770367851e+00,-2.205895357963223447e+00,2.817901633725536925e-01,-1.480714426919602422e+00,-7.524711435291604467e-01,-2.997652396640713979e-02,1.290187323176725354e+00,7.256181101015035662e-02,-4.841626965262244564e-01,-1.813347778135515342e-01,1.911545103676875579e+00,7.422317012573330375e-02,-1.382310439603998409e-01,5.875826015967287042e-01,6.817050183439696820e-01,-2.996202484115774167e-01,-2.684841413159915618e-02,-4.885934308946098675e-02
9.059060093551424941e+00,8.512228617399438813e-01,-8.491300618935622435e-02,-8.104987475220120086e-01,-2.330104403158525239e-01,-8.285145372723816681e-01,1.093573213185377480e+00,3.957372600502118143e-01,-1.547863409099024423e+00,5.471959946381891315e-01,-9.003897555921214213e-02,-1.798682348763534389e+00,1.659589787302373498e-01,-2.562140889314418746e-01,1.387968885861540658e+00,-8.261227896190385944e-02,-1.209479636238781408e+00,-4.242763185469782816e-01,6.735505032321545960e-01,-1.344123913202478704e+00,5.764706201916615091e-01,-1.276305695854964783e+00,4.115752061668490058e-01,1.168029551796542664e+00,-8.643915623562113959e-01,-9.346711026270898559e-01,-1.791779624154400952e-01,-1.281163241725663537e-01
5.565364572823326306e+00,2.808312072897824141e+00,-1.352196113475090389e+00,3.321358376134474488e-01,-7.546723914279355183e-01,7.374784273778647314e-01,9.449260453279216820e-01,1.847316090988723181e+00,-1.066655730542143132e+00,-4.400464338132760167e-01,-2.043071674842118046e+00,7.980187576086620327e-01,-6.274055316268128957e-01,5.859654906590892054e-01,-1.503002807368762239e+00,-3.464718658194638756e-01,-4.489463033887409193e-01,-5.950575391965833294e-01,1.003722313039724812e+00,3.941255120256721700e-02,6.941152320425536537e-01,-1.488551962538447793e+00,-1.407341871360608954e-01,5.160158025650183333e-01,6.504923360379473163e-01,1.914443131288174338e-01,1.959319652804339673e-01,1.595423815477189367e-01
2.179314719375445186e+00,-1.786888924985893801e-02,-1.181858560829566682e-02,9.651494788518112378e-01,1.873691495177589372e+00,2.057722453515377747e+00,1.415833730798371146e-02,-1.402787590512364790e+00,-1.886305352387412926e-01,8.888348065588607128e-01,4.917838969820644279e-01,-1.535809888891138397e-01,1.085892695524492968e+00,6.311642234443182176e-02,1.521262909318929823e+00,5.712686390212909915e-01,-4.630365169645195844e-01,-2.754256093806947137e-01,4.491708356826517035e-01,-4.051384801707552108e-01,9.961039635779145307e-01,-9.840881360306443781e-01,7.875364180445511286e-02,4.966361471379860948e-01,1.070904493701057447e+00,2.018887062320871145e-02,2.774549486739739668e-01,-1.050814566599653083e-01
9.546737326402693569e+00,-5.595884927111818286e-01,2.030345009956983304e+00,1.084368882245671850e+00,-1.540922265875354968e+00,6.973570651579333868e-01,-2.870591806493762554e+00,2.527012395497904684e+00,1.603333137950084364e+00,-1.246321402716825455e+00,1.493813324950572952e+00,9.892580550328511357e-01,-3.060562062199500555e-01,-1.364863702140358015e+00,7.418450640254459216e-01,-4.106789418789030255e-01,-1.141527047281714724e+00,1.469769298011895708e+00,5.338315468331559371e-02,-1.163442696087420236e+00,-1.126887582449376923e+00,-9.182839578455918028e-01,6.875289295293562919e-02,1.626342881055104828e+00,1.517123942433357686e-01,1.080539414101533646e+00,5.949953836487471559e-01,-1.298114200745667524e-01
5.084829180124606829e+00,3.009951985137901964e+00,-9.003021810302129779e-01,1.024249632029594403e+00,1.017690347743239299e+00,-1.377121089119086150e+00,8.884113389796345350e-01,9.202651567142432487e-01,7.355159443311846124e-01,6.650609729129393077e-01,-1.371107933051576078e+00,7.636721677712716705e-01,9.650451414304563880e-01,-1.329063578242865473e+00,-8.534310959992690016e-02,5.207334925934028469e-01,1.075551039467815162e+00,4.960792831971675421e-01,1.461192750234257653e+00,-6.171073839867411426e-01,-1.041574841492295844e+00,-3.689322232487018960e-02,-2.007191515712982988e-01,3.033536041692863061e-01,1.128658828279027526e+00,6.790409457946050553e-02,8.572171283145043619e-01,4.553710081370858087e-01
-3.523798267953706098e+00,-1.394589894230455318e+00,-1.560357187360427611e+00,9.808578829389569265e-01,9.212408872605143406e-01,2.282220289295220805e+00,-7.494858453515794716e-01,6.916908615755570366e-01,3.878882702215313838e-02,3.224731781720643120e+00,1.303977644279610715e+00,-1.502557242552094330e+00,-2.646882433789751743e-02,2.832495006446250629e-03,1.250918732681389756e-01,7.166006827053513772e-01,1.337187533730644029e+00,-9.220691727857028841e-01,6.143384769943197599e-01,7.103390539577036922e-02,1.578296499170097344e-01,-6.500915109371144807e-01,-1.900411089399860032e+00,-7.783872928567184823e-01,-6.649201432375264620e-01,1.193298322170250669e+00,-7.508349605175063113e-01,4.514216631936604496e-01
6.810560725521533243e+00,2.995660097470316696e+00,-6.377886187019663478e-01,1.206988777863492457e+00,-4.110792031578694994e-01,1.302272444625700576e+00,-2.018488552542261338e+00,-2.249677208650215032e+00,1.583995882410015876e-01,6.128982433595637769e-01,7.734857301224585813e-01,-4.214505887903724490e-01,3.420747488894083643e-01,-1.137716870445443895e+00,-6.386408883517913360e-01,-6.784248643609961382e-01,6.926409519271541360e-01,-5.414171024417707700e-01,5.454194862174410741e-01,5.473090516726051291e-01,-6.935930326503119137e-01,3.971405496474364472e-01,1.463715637831396688e+00,-1.039930882240840848e+00,8.859029405291126702e-01,1.391900066613531994e-01,-2.343116666001357484e-01,-9.658439056044882953e-01
1.460599556440510538e+00,1.322704676632414422e+00,-1.946629516071385568e+00,7.280006253204034383e-01,-8.366328586301592374e-01,-2.510160926206665533e+00,-1.104658849928517483e+00,-1.385562635279708132e+00,-2.083579716851116981e+00,-5.344148654548073196e-01,6.202868631499607321e-01,-9.032087954834219223e-01,-1.573294329979648132e-01,-1.447817651396758887e+00,-3.897254349610477786e-01,2.921861544885219764e-01,1.815732272920477786e-01,6.820637313726172213e-01,-1.690915779878044090e+00,5.775977068996844821e-01,1.027859807620227217e-01,3.386930815816744378e-01,-1.163540690737874028e+00,-1.299783919999560888e-01,1.099743455571382755e+00,8.409231253638501657e-01,6.475579060944489651e-01,-6.806929896293466287e-02
-1.338439345918418955e+00,1.314721167768294396e+00,2.045913062671389504e+00,-5.750206025699854395e-01,1.317911849385668743e+00,6.068797937811080123e-01,1.351210552356646444e+00,-7.011194901690299686e-01,1.042346620886567404e-01,-8.275154524419766622e-01,-5.932427542620037908e-01,2.421430662235871667e-01,7.476025897614095861e-01,-1.484362306526048281e+00,-4.739722368927668655e-02,-2.575511729623387262e-03,-1.232510874889632402e-01,-2.113715082614945479e-02,-6.537053589340798831e-01,-1.888061386951320544e-02,-1.436712005615555787e+00,3.128919133521274737e-02,-1.192550354336510549e-01,9.742384329028989098e-01,-9.576827311003363041e-01,2.441854733764387830e-01,5.938362334407245591e-01,-9.680671835172684203e-02
2.640984640018779750e+00,-4.137500314390507583e-01,-6.211639583149063393e-01,-6.051256724578191193e-02,3.303890811994924376e-02,1.100159194189230139e+00,2.319858569399685599e+00,-9.359077384968340629e-01,-1.305390866478516543e+00,8.196464539762213786e-01,1.328222838267642647e+00,-8.895467189196437641e-01,-1.071956495163691514e+00,1.762755339717014466e-02,2.520173103880785637e-01,-2.546147286144441857e+00,-1.113861173868861298e+00,1.753244082073705634e+00,-1.228862375269520468e+00,6.245868962699366866e-01,-5.303642263437386983e-01,1.146832688502308795e+00,-1.593602856078950580e-01,4.155413071398925684e-01,-7.851421184698639810e-02,3.383498317987088111e-01,7.988367222584458194e-01,-1.046983705708732226e-01
6.967237864985841078e+00,9.734245968925601122e-01,1.231177040884831486e+00,2.126836432811885835e+00,6.510132904219752270e-02,2.230924947908551115e+00,-1.310688442074894322e+00,1.125277815924660141e+00,7.411446727186482564e-02,-8.847507893249056954e-01,4.117712674745057089e-01,1.228295464685432048e+00,7.240962661046215221e-01,-1.711983643971491942e-01,2.905906099737275206e+00,1.085655054521896673e-01,3.465618195293932446e-01,1.700499434621367545e+00,4.364182552066036558e-01,3.344259203965541105e-01,1.714911925120518876e-01,-2.959633669739721723e-02,-5.155257616923172859e-02,-8.434781001991243921e-01,-4.981897474016702132e-01,8.324405739461432363e-01,7.051190076881768132e-01,6.651387930168978224e-01
3.154264748850747591e+00,-1.617085457615722976e+00,-2.417408090911918439e+00,-3.509249036732270954e-01,-7.940311035188318822e-01,-1.097657791493222845e+00,1.492477610256464082e+00,5.569436243155349020e-01,-4.160058403841553898e-01,-1.175270804251174583e+00,1.898775214972495462e+00,-1.375338818942294150e+00,3.044697659333319262e+00,-6.370538799479965597e-01,3.240287418218488202e-01,6.363986623803762066e-02,5.919054901589263507e-01,-2.086891576209708166e-01,-6.284079359942265075e-01,1.010719151808904703e+00,1.155939890323806285e+00,-8.850258972346820574e-01,1.232453306138710847e+00,1.385911017125423195e+00,2.217691816878099020e-01,-8.887496734657253095e-01,-2.862880546305515694e-01,-3.351530565865433742e-01
1.226237626769495881e+00,-7.403341660699787330e-02,1.514684897738549640e+00,1.158932017050086305e+00,1.218791473490148380e+00,-3.220812067108367316e-01,4.458537904522476558e-01,1.057263884554801581e-01,-6.009833254753739196e-01,3.690194099591148635e-02,-9.368596921648170150e-01,-3.965067833302546862e-01,9.582283523379506729e-01,-1.631561666399750643e-01,1.619186978935606813e+00,3.180644407977125665e-01,-4.818063213947887391e-01,-1.911739960018457307e-01,-3.179552887670748507e-01,-1.453160901421407969e+00,-5.016923577691090319e-02,-1.888614842422960960e-01,-1.426685828403178036e-01,-3.094749910176818886e-01,4.719489276198904348e-01,2.673185631757401537e-01,-8.986993803529580438e-01,1.029544499309393624e+00
-1.054537127231330029e-01,-2.993111962454341413e+00,6.454436295027047299e-01,-3.638745475136073715e-01,1.320221224481075151e+00,2.519895538985668981e+00,-1.308819140069088283e+00,-1.790907235220409177e+00,-1.771332218108456535e+00,1.473973389053022387e-02,-1.014044110374341168e+00,5.198267877978250961e-01,9.299751853297096860e-01,2.299580205357277807e-01,1.592981469213642920e-01,2.453003162864063613e-01,1.447368822073059613e-01,-4.662693291233262205e-02,-7.844847968949207884e-01,-1.148012153787298512e-01,1.100712923835524881e+00,1.219058774820277247e+00,-7.088054913788852662e-01,1.895553965434515042e+00,-2.850602323836708418e-01,-3.726516924467051517e-01,3.052243400933368211e-01,3.936173152001416486e-01
-5.170003820915747283e+00,5.242673491081422110e-01,1.707705254022518826e+00,-1.167720200786384277e+00,7.331200634453950427e-01,-8.967336896543088853e-01,2.095908455210457877e+00,5.838266787840597910e-02,-2.428063151970810907e+00,-1.038009386434103759e-01,9.966885094272058543e-02,-2.280828125244723781e-01,-2.243578695591147643e+00,-3.860899804517930467e-01,2.141502007180140221e-01,-7.305793696892803890e-01,8.976998545410887209e-02,-1.555382929736837117e-03,1.582223978872459025e-01,1.587886171993149631e+00,-7.540484933788068611e-01,-7.964687588868184509e-01,-1.245785563952553243e+00,-2.267067196427682840e-02,1.357588358693250008e+00,-7.383447688202731118e-01,1.838363284441016043e+00,-7.149494134120354394e-01
-3.660217798566519853e+00,-3.200223477818680884e+00,1.434141855984634839e+00,1.774061634638697704e+00,-7.334784921105647060e-01,9.801015895830635927e-01,-1.352351258428809710e-01,-7.738347023522867962e-01,1.007793304345892677e-01,2.094356652749153724e+00,-1.468103073264792391e+00,1.117861286332424431e+00,9.644059364972918935e-01,-8.364764030093494451e-01,-2.457337320487094356e-01,-9.368119371504886050e-01,1.334050629913477337e+00,-8.980898847938699747e-01,-7.462527768725845112e-01,1.171094070372624030e+00,-8.692052134607033409e-01,1.597408161849124819e-01,1.060776744261855864e+00,4.835955834732123537e-01,4.668449520126028429e-01,-1.126967327139503317e+00,4.131106180458176125e-01,-3.286977135680719808e-01
-1.541781749223178677e+00,2.201557501468603739e+00,1.537628908397691507e+00,1.586388630564347535e+00,1.753905223560135784e+00,7.200582431977398112e-01,1.513906164155758016e-01,1.439162896148424298e-01,1.529337258504603669e+00,-1.809222587092162715e-01,-1.176798058474520792e+00,1.117962550272943112e+00,1.063368373707360925e+00,8.500032271394486472e-02,2.295874659206810775e-01,1.132691224810844915e-01,-1.724817110270894904e+00,-2.293415748807606791e-01,-2.545644973504882502e-01,-9.179025248212331345e-01,-1.182253834296977391e-01,6.336416217089744229e-01,9.155394049653946542e-01,-1.362836608263514326e-01,-1.767932189769559903e-01,-2.812841972970429871e-03,-1.107821082767228571e+00,6.366655827596426898e-01
1.410990170564331569e-01,-1.144780550941465913e+00,2.661417811072311679e+00,-2.453511286935968760e-01,-1.090014086022101258e+00,-3.564253786392103662e-01,-7.254633222353500388e-01,1.728385513339609325e+00,-2.061080157219700310e-02,-6.371678165508618541e-01,-1.546214858285616667e-01,-2.438458285749695253e+00,1.404108250118003109e+00,1.176860854776749177e+00,3.163801055939412521e-01,3.657970067594283337e-01,-1.939948503661053536e+00,1.482057562243535909e+00,6.525021061327018757e-02,-6.378877652049023961e-02,-1.075830066322801537e-01,-1.730247367020833760e-01,-6.166170583825133500e-01,-5.063409059826050607e-01,-7.345251187449505226e-01,7.991942880994186149e-01,1.377847730318193298e+00,9.759997031060224648e-02
-5.565813503559902564e+00,2.166755321605741358e+00,-1.055283001553684263e+00,-8.771821851313689467e-02,1.169131746393502036e+00,7.051125114596529242e-02,1.264756422750063614e+00,-2.465809547041144079e+00,5.150654526870749317e-01,1.261112447975392348e+00,4.090993093944224057e-01,-1.354744957417247209e+00,-1.276906835037575072e-01,6.615838915666215625e-01,9.141648113086769945e-01,-6.391932428564548463e-01,-1.404846339074231398e+00,-1.185906124499273240e+00,1.677309095097887226e-01,-7.059979360343913157e-01,6.222193518506310417e-01,-7.364825223744393412e-01,1.120286386381885491e+00,3.827615474040240717e-01,2.031993549356820306e-01,-9.011643881945105017e-01,8.781432646362083427e-02,-1.061318152060479469e-01
1.950031688295377430e+00,1.391060016197244398e+00,-2.015913923370216576e+00,1.991318250797033729e+00,-1.053455995100581521e+00,1.469912307192509093e+00,1.897963758833048464e+00,2.753998462555906634e-01,7.693392375741339162e-01,-5.516957329968713575e-02,-8.110418308679961941e-01,7.373841299917439640e-01,3.111672714913041315e-01,1.196399499765081087e+00,-5.466757105991322252e-01,7.624852434234263843e-01,-4.389292336697910857e-01,1.778787559722502021e+00,-6.922229369425134671e-01,-1.235010671793073528e-01,8.447990653403383288e-01,2.431044519087025291e-01,4.705317625884278265e-02,-1.080899710509502787e-01,2.943160280599533829e-01,1.026158396795598060e+00,3.562787293225156970e-01,-7.352370207845738692e-01
-7.294956107782810228e+00,5.383012579472455927e-01,6.975503417832133735e-02,1.491805721700048548e-01,1.454409989583487883e+00,5.823347343512512708e-01,1.256004365256974786e+00,3.564590311762718677e-01,-1.266289537303237234e+00,-1.269767597260137659e+00,-4.528903169791068661e-01,-1.069677031081938123e-01,1.294455698863964832e+00,-1.167352141482887351e+00,-1.386538438107050297e-01,1.857776988682516395e+00,-8.797146094082486378e-01,1.023270212337816565e+00,2.019816447538471116e-01,1.832030948711520502e+00,4.784066280756146261e-01,9.511911706843863279e-02,3.572861176927613625e-02,6.226307994531670165e-01,-7.573468844427511115e-01,5.609511031193249453e-01,2.713216241032088694e-01,1.740642970696077763e+00
2.615391266221486877e+00,-3.697851012329650633e+00,6.423368999790449729e-01,3.478211677203314700e+00,1.205919350198261464e+00,1.761321864300124052e+00,9.070251300555638441e-01,9.602765298783157988e-01,7.973563347050263150e-01,-1.359537711116897585e+00,-6.933428211382681727e-01,-1.294262104808965308e+00,-1.756044928383756032e+00,1.069397532000183837e+00,-8.546904520545453576e-02,-4.586525316033775446e-01,-8.342077134344835776e-02,-4.428699063602792307e-01,-7.637578013787120756e-01,2.704628959999845761e-01,3.706142824776054723e-01,6.880653114245335322e-01,1.404114334281197918e-02,6.317381217193542842e-01,2.098877573398790219e-01,-1.124610011994167769e+00,-6.673252393102190316e-01,6.345038812760411817e-01
-3.702147021019358775e+00,3.290827910344761520e+00,2.495757686048905299e-01,-1.404898923513257514e-01,2.756613756080394495e+00,-7.265012630681938477e-01,-2.039742765011667014e-01,-1.630671959322252285e+00,1.367425045217330437e+00,4.897044376425934153e-01,2.710696252988829436e+00,-3.384308808511389266e-01,-1.533584849669675343e+00,8.121653455400142940e-01,-1.683505234105347192e-01,8.147805089561541703e-01,1.473610986746489437e-01,9.718548079635931369e-01,-1.198374026020131211e+00,-1.294682640548487473e+00,1.328071135645928713e+00,-1.318762928615664909e-01,1.158047005579460498e+00,3.473959745018626033e-01,9.690794370520926515e-01,9.276187439999120654e-01,-3.062035754831372025e-01,-7.537945876814711177e-01
3.760442260557340877e+00,-1.994375817564130182e-01,1.519219128672550267e+00,1.365493283327088969e+00,3.541559859403601518e+00,-2.118418220734063162e+00,-5.864678884669461967e-01,1.469614654770316386e+00,-1.287647709607395941e+00,-1.905858066445343724e+00,2.637008237666795263e-01,1.893576653743107852e-02,-8.313457379042904494e-02,-5.196707728458982434e-01,6.219150225761196360e-01,-1.745420006816919223e+00,1.643134315768201681e+00,4.680711649990925149e-01,-2.359147380971776675e-02,-9.848284725169773601e-01,-3.099681901232229642e-01,5.424701537921537975e-01,5.757015515478239864e-01,9.324290624675719563e-01,-5.067146790401998169e-02,7.900453382607793840e-01,-1.513265744704144433e+00,-6.982291786710395076e-01
1.574577620819086921e+00,-1.640756147725918601e-01,3.392078913613339464e-01,3.532562037560970758e+00,-1.203120179019611546e+00,-8.592735581486302121e-02,1.467866375319841765e-01,7.119826776353199715e-01,1.983035032031996714e+00,9.246194899049141602e-01,-1.730653106504767003e+00,-2.100103076568097027e+00,-1.313013038254832399e+00,-6.464722003670597683e-01,-2.488958362271708746e-01,2.882862385606817929e-02,9.061890995861527909e-01,-4.484451708366642420e-01,8.592702830709284534e-01,5.270627892912497225e-01,-1.699925077986461919e-01,-9.976323153956517809e-01,-1.347406532754751307e-01,-5.112871390630600033e-01,-6.915726560668650214e-01,7.430204097480461178e-02,8.994344842497605796e-01,2.783800189103592393e-01
1.162487863532047960e+01,6.521181870787090551e-01,2.298936649061423143e+00,1.137892126002391091e+00,-1.106591477265035595e+00,-8.166243718760359815e-01,-3.024875033795273449e-01,-5.444937307849195829e-01,6.576969625946725850e-01,1.347676985524473015e+00,6.515184092696677531e-01,-8.724721883181782989e-01,-1.582723063102088989e+00,-2.505755107156404926e-01,-7.496460003714586762e-01,-5.370071425526078412e-01,-1.168227387159422870e-01,-1.511201165342840547e+00,6.058169489953992848e-01,1.320919279339143992e+00,-1.960994591923285735e-01,-5.160324629118412387e-02,8.324175774904397640e-01,6.764216154097105749e-01,1.752668764891401887e-01,4.917569249792856922e-01,-2.718135946355305643e-01,6.347416995759506131e-01
5.258846644918558688e+00,-3.007240247237563668e+00,6.948458116265742168e-01,7.256824069262627352e-01,-1.609011580757126136e+00,1.317704907695569583e+00,-2.602612603470664254e+00,-2.238638459556770766e+00,-7.259735237607293223e-01,1.513013959858091617e-01,9.635493104246508622e-01,1.307550422672111745e+00,2.475232157095135221e+00,-9.031028750167119368e-02,-1.600296138571439597e+00,1.979780040684177678e+00,2.120514050048937449e+00,-1.059221006831083667e+00,6.879871727536198689e-01,2.037705872667977813e-01,-7.656900334813268594e-02,1.768686681681176098e-01,-7.957750977799165071e-01,2.015192184726026514e-01,-9.556848106986792768e-01,8.212144685698354873e-01,9.190581480092444577e-01,-1.412803513768961627e+00
7.857683200707499260e+00,4.488602627637873765e-01,-5.118630456194527278e-01,9.116648637707124303e-01,3.358738901411274291e+00,-3.067600116051311110e-01,3.282796466324356954e-01,3.140972162578559712e-01,-2.221942851834469046e+00,8.580645182030022244e-01,2.920404293905352056e-01,8.403949351824330227e-02,-5.260825895978060718e-01,1.306913799475175164e+00,-3.414140543746859713e-01,7.143745881737514347e-01,1.028363644544671773e+00,8.315720767610181863e-01,-7.594733499621350026e-01,5.928461871207232337e-01,4.216034772419662846e-01,-1.082794974892871798e+00,2.813867618719182451e-01,-5.679435488811075405e-01,3.979897379834248516e-01,7.437304721730490786e-02,1.077286588774340581e+00,1.297909594996949467e+00
8.888183679970078188e+00,2.649912622018944397e+00,-2.864898538102269021e-01,1.283486625543782678e+00,-6.313032579429720403e-01,-3.688305859971524603e-02,-6.870284433697414483e-01,8.146503256318260444e-01,2.685353508945236278e-01,-7.284157800728008336e-02,5.331280224201371265e-01,-3.008579952533703694e-01,-2.676114877039691975e-01,3.081546876373458255e-01,5.149501096396322253e-02,-4.354668007971011501e-01,1.209454018519303231e+00,1.017607255300647662e+00,-9.758669978050149574e-02,8.852011132352103351e-01,-6.898308836007853717e-01,7.148791834277619106e-01,-6.945735987526717725e-01,-2.185451252851204895e-01,-1.249289105299592695e+00,-6.093078199479440293e-01,-4.029723633218633694e-01,3.452742889594394571e-01
-1.120406384154967627e+00,1.389735697428617689e+00,-1.374781603038587763e+00,2.487454609573246656e-01,-7.154991007803794822e-01,1.025521404477251819e+00,-2.857127564629272420e+00,-3.913377025789654406e-01,-2.465571692160101747e-01,-1.426022783477240430e-01,-1.041917400967536267e+00,-1.312238002055678754e+00,9.160138737971861289e-01,5.127000010499365157e-01,6.484716618262645893e-01,-2.136648447980761922e+00,-3.880876021268455101e-01,9.778816082313568359e-01,1.315018917786001107e-01,-5.482560645909674291e-01,1.348402986612238008e+00,7.623470606978633990e-01,-6.503959677988342403e-01,-2.312615616345791159e-01,5.420604096108386782e-01,-1.417323698075656946e+00,7.235973019734279754e-01,4.343351129734915883e-01
-4.466180824167685692e+00,1.244861447587070069e+00,5.256409704989205567e-01,3.773948227291678559e-01,-3.800278697763630475e-01,-9.679278838146881947e-02,-1.549818069107012253e+00,2.168533775088530291e-01,-9.872141023097377177e-01,-8.311705606051433826e-01,-1.862395650332945296e+00,-8.695620531983516699e-01,-1.667657208240121980e+00,-9.798808483776093592e-01,-3.309584483840656843e-01,-1.205545400969127323e+00,-1.959676620041345130e-02,2.770274657391006978e-01,1.476574955852207882e+00,-2.740980802178702991e-01,-5.807699801371374315e-01,-3.104321316403395592e-01,4.497906300628307652e-01,1.412459481670241546e-01,-9.609908562411514366e-01,1.323125493266424091e-01,-5.678560754628467766e-01,-1.042837558814596166e+00
-7.954353416909478725e+00,-2.428682690235048902e-01,2.329896369662718958e-01,-2.155741356543548370e+00,2.302508396797520729e-01,-1.583861050512740398e-01,2.005199891887727404e+00,-8.086069662308323913e-01,-2.355144252614543299e-01,4.022557291417074854e-01,1.353418204401112268e-01,-5.430935004215202699e-01,3.148142166547250653e+00,8.132681181953786975e-01,-1.305330839480339122e+00,-2.599906289295202955e-01,-2.532425857671888325e-01,5.119476143561521586e-02,1.111335690499243967e+00,5.534490345121806376e-01,-8.539152300128373119e-01,-6.077993727799730905e-01,3.161981739115675705e-01,7.022617993787690915e-01,5.553531393438722041e-01,2.303783599511418853e-02,-8.952568439625068208e-01,2.982645189534138264e-01
-2.939712706059964376e+00,1.102076107633770174e+00,1.406874864214455734e+00,1.786568802141649037e+00,-1.841006816264660895e+00,-2.351137240029347875e-01,-1.081240129557327068e+00,-1.284419749495354868e+00,1.233933747165972150e+00,-2.885293540841764315e-02,-7.047789494010442413e-01,1.321935265038685081e+00,-5.599283979086815410e-01,8.431329411511345739e-02,2.970363124699173518e-01,-3.985175498748821377e-01,7.804107009442908804e-01,7.784973587720567245e-01,1.172714310682217542e+00,3.604909983747855429e-01,-8.349856163041229351e-01,8.891357858124097069e-01,-3.654190269462716523e-01,4.252881118885923351e-02,1.456585086997073786e+00,-1.651436661852766719e+00,3.186782176761674967e-01,5.440111467303777593e-01
-7.311980576592109315e+00,7.054446375638984135e-02,-1.707020119608561259e+00,1.511768048947443654e+00,-1.146583105632101418e+00,7.306348808495863878e-01,-5.879919235741779548e-01,9.032966515115357087e-01,1.349164318477900082e+00,-2.755087615476468077e-01,9.710592599446387085e-01,-3.512819945631163732e-01,1.686588230351340645e+00,-5.357625175380631433e-01,-3.740800272446298536e-01,-1.839612497209530906e+00,-1.618998986280981711e+00,1.306732841257593758e-01,2.572677128009177028e-01,-7.443646749242205374e-01,-1.158577359151522712e+00,3.477905368546432840e-03,-1.138077892660353418e+00,-1.408071586005902320e+00,2.654450948375250974e-01,-1.080539231344623596e+00,-1.045842495819955253e+00,-2.864219601653150704e-01
7.626741731618418285e-01,2.008130326241854391e+00,5.760774883870093399e-01,1.769132247766567634e+00,2.095939005706894065e+00,-5.416761593221433024e-01,-3.708309901542188869e-01,-4.545325291682712487e-01,-3.196383564113537412e-01,1.101797467520155283e-01,2.012892314162705532e+00,-1.181525916538070931e+00,-1.166947316104887333e+00,6.469819178561957429e-01,-9.947466453642368756e-02,1.171341083114260107e+00,2.701587376617654024e-01,6.590863460463051160e-01,4.931853126253676334e-01,-7.119479388740718173e-02,-8.601492404882077336e-02,-4.783577870722209302e-01,9.442626488757779324e-01,1.321839525435796192e-01,6.805436066370166293e-01,-6.787395540294494101e-01,-7.769446286794199352e-01,-3.362288357100286507e-01
2.793853631557946748e+00,-2.718945288073623123e-01,5.440329977507459835e-01,-3.899272200189743409e-01,-2.762237919525260210e+00,-3.037452771417801234e-01,-9.216528657793805479e-01,-1.369672932538080312e+00,-7.605497521852999654e-01,-9.689172612590806200e-01,6.966113129176199070e-02,-4.513038341295401157e-01,-2.267109128924419126e-01,4.458620915929170647e-01,4.480051812649797349e-01,2.823253937152243875e-02,-2.193298130644152355e-01,-6.499066876277377336e-01,-6.708780102245711641e-01,-9.544377986276479930e-01,6.255588794385146256e-01,-2.416353085165447723e-01,1.295103233302033141e+00,-1.665527697526898443e+00,-1.417518980675452900e-02,2.477126504550495600e-01,6.756849894362795261e-01,1.229443040821494693e+00
-8.981926079090960968e+00,1.320425439398338341e+00,2.574533267711761830e+00,-1.662660658584504070e+00,1.325914049437775910e+00,1.591223077943296316e+00,-8.458252960090406614e-01,-4.875468229019725985e-01,2.366258143145833492e-01,1.940873511725432488e-01,8.836926624720655710e-01,7.906046286224563957e-01,-2.936288937092181861e-01,4.369883264412669499e-01,-1.088700776194722275e+00,2.467373932283114246e-01,4.765492999755985837e-01,8.028316826210513124e-01,-7.224169246213228979e-01,-6.159756743313422600e-01,3.114534667282924940e-01,4.676998304668404938e-01,-8.603355745514935649e-01,-2.605985132200836496e-01,1.315609994133806193e+00,-1.357444275720113558e-01,6.019676708352121874e-01,4.472178545438072472e-01
2.791261588176903619e+00,3.127478624822574105e+00,4.921557195363062576e+00,1.454607670966278299e+00,-1.908753002287524092e+00,-1.223548437259526223e+00,3.516793126258368929e+00,-1.003900192192079377e+00,1.241498090934024523e-01,-2.521390218184250465e+00,2.250738140934735565e+00,1.316075899825324691e-01,7.527743882534834174e-01,-1.495023649533698817e+00,1.997927399605208043e+00,9.551124308802229068e-01,-1.020495863183813190e-01,-9.447662414625984661e-01,-1.705915778048077980e-01,1.069068252954409770e+00,1.328983718781585388e+00,2.379397459726699179e-02,-5.105928525998717493e-01,-1.137193129887427601e+00,1.260603701379973351e+00,-5.261158619155023031e-01,1.539911994682619800e-01,-1.681830835637716071e+00
5.080360698487056403e+00,-1.214304382007544536e+00,-1.812876142579001648e+00,1.031932228974090426e+00,7.606070746891706591e-01,4.838029263180430029e-01,1.148156679825270698e+00,9.188593778945022827e-02,-1.909506657519343120e-01,-1.722106490293396686e+00,-1.421645786283583179e+00,-1.620595311718650677e+00,3.578282461179227436e-01,-5.176700401397413831e-01,-2.060248857607251127e-02,2.769605756604817115e-01,6.237513356024516620e-01,2.576060908628733381e-01,-6.906912473033747224e-01,-2.554928739676414207e-01,-3.979566046168283577e-01,3.306355299860554986e-01,-1.069139151548355926e+00,9.653308532982050050e-01,1.992662776155920135e-01,5.684711301896442359e-01,-1.290645507251094171e-01,1.906702263095665928e-01
5.144016908958730205e+00,3.169698342893667142e+00,-1.784536453922280552e+00,3.203245595316593253e+00,-1.889158247492375708e-03,-1.477985734494032810e-01,-1.857953071920437071e-01,3.858686316927259496e-01,2.997566279106581577e-01,-3.860914548071259778e-01,-4.876448991848847392e-01,-2.173762616728657004e+00,1.203033672190477521e+00,2.178830391230330843e+00,-1.292104783882965346e+00,3.886028285767324092e-02,1.095914308114805280e+00,-2.341666643735008657e-01,-1.203958909197699656e+00,1.128025465052834853e-01,-1.235266707281887255e+00,-7.589198863608866141e-02,-2.868103294726726538e-01,-1.323528631223947760e-01,3.725355695146443935e-01,-7.987446862528539970e-01,-3.540383060188182496e-01,1.824143281636811109e-01
-4.805188627555912362e+00,1.231119235451128890e+00,3.476492504875364098e+00,-8.752693198319960906e-04,1.902409494483857100e-01,-3.447103144406499231e-01,-2.437949551839665663e+00,2.184009113099020905e+00,-1.246191074586076919e+00,5.719211199073254148e-02,-2.127637475839889158e-01,2.395632167048674876e+00,1.222467882410184004e+00,-1.361322763003371739e+00,-1.745130444359788591e+00,-1.510853535716256912e+00,-4.486506563951576099e-01,1.156942722185110295e-01,-8.190159258000808684e-01,1.783681204125329156e+00,-2.981635956509899599e-02,-1.923877469077958313e+00,4.078518218046863764e-01,1.856128442077029650e-01,5.501293656161541090e-01,3.164089193621219542e-01,-1.721126116092738911e+00,2.177429918464880432e-01
-4.704330501843452694e+00,2.542283971295887124e+00,1.746396715586075121e+00,-5.349777837762539345e-01,-8.790181404201988791e-01,2.269063791426372045e+00,1.027428438679179212e+00,1.186147505894824317e+00,8.371361716043559387e-01,-2.285123843934192767e+00,-1.129102005740215020e+00,-1.324887045223998916e+00,-3.982811920185314603e-01,8.569200941248845682e-01,-1.179710768010844291e-01,-3.899135983859121080e-01,3.251457080479952522e-01,5.934284256713245886e-01,6.957382217508959465e-01,7.104986476239862903e-01,5.995966266174449638e-02,3.252761784132033873e-01,8.665624137162012408e-01,-5.313350777819031423e-01,-7.704830952107858399e-01,7.478330499785618146e-01,-5.058958533358806631e-02,2.222908076130420962e-01
7.429744627024302162e+00,-9.606703519623543963e-01,8.259392248281131055e-01,-1.090971739835366217e+00,8.305706007838764560e-01,3.865998800193642282e+00,3.237006226046334589e+00,-1.295519725711680725e-01,8.548072411403310200e-01,5.192814140225678887e-01,-8.904183659478101531e-02,4.212089226127941899e-01,-1.441711142046945726e+00,3.705233170669163245e-01,6.402603261216367470e-01,2.553773664301686175e-01,2.414559147501488479e+00,-4.588330948437697732e-01,5.872173178894499745e-01,-7.562607716037466066e-01,5.965721109104268338e-01,1.961823154886395415e-02,-3.862303512656714011e-01,-6.185461641735215954e-01,1.081272188187168970e-01,6.278054116497460146e-01,-8.130086015886381912e-01,-1.091490137634692381e+00
6.934503266804532551e+00,9.710872370243030238e-02,1.701838729925537974e+00,1.173865785986951238e+00,-2.644581591387483721e-01,-1.518621273037902730e+00,-1.517006040305719949e+00,-5.507452700472588170e-01,-1.007928104204454556e+00,1.837050682177312044e+00,-9.033338951731448296e-02,5.941861106508492529e-01,-2.613094313677229441e-01,-1.466687067537481848e-01,-4.546644482774196000e-02,-7.346116348492580661e-01,6.189605945002494281e-01,9.450015785238783383e-01,1.796934579827822898e+00,-1.041139876939858322e+00,3.988571892933725493e-01,-3.597974525813532054e-01,-9.665772450238624414e-01,5.569683961580963460e-01,-6.911001539809646932e-01,-5.756954424172564533e-01,1.188055771180179521e-01,8.138026365078760982e-01
3.165792493103638527e+00,2.713154758797279520e+00,-3.670695901023692809e-01,-8.111479769256974004e-02,1.606757654310854599e+00,-7.245672212278868596e-01,-3.099868899897643804e+00,-2.044711605063105342e+00,1.936927982158818395e-01,-2.421088585341880650e-01,-1.958283053895364167e+00,-9.242191755067195036e-01,-4.587079941906546665e-01,-9.291912817365508559e-01,5.528068178234686325e-01,-4.719331657484875792e-02,-5.993457296182624905e-01,-1.046398276834674679e+00,-7.026583645200350503e-01,-2.615107891326060030e-02,-6.076802809794331628e-01,-3.740267475766999583e-01,-4.417701452839398746e-01,-1.313267015928146764e+00,-1.325742293007390882e-01,4.613400655530875416e-01,-2.466196785750142950e-01,-1.417066744368877806e+00
-6.178308224359064127e+00,4.057478227645669122e+00,1.595625401424466405e-01,2.103082710169679626e+00,-1.874950056681113919e+00,-1.914542660048904832e+00,1.168028054967505502e+00,-7.929423347025676971e-02,-2.055057000758631069e-01,6.743150448010768461e-01,-1.395112970741244629e+00,2.101739951300048315e+00,2.462907211495126703e-01,5.390887536421276049e-01,3.263179197746529647e-01,6.924092634737244456e-01,-7.241266597800337379e-02,-5.632011418208815456e-01,5.810278210109517394e-01,-6.527301588591509773e-01,1.918274027699500284e+00,9.790567728765198208e-01,-4.492808931656243621e-01,-7.501238084105528447e-02,-1.364820491957495996e+00,-6.755360468678089925e-01,-2.770964257607016479e-01,-1.171120923174330253e+00
2.591584296280791566e+00,7.956965774153750282e-01,-4.897067145326174931e-01,3.066544487017237586e-01,-3.136446216828021161e+00,-1.419365321570345007e+00,7.692997605309837006e-01,8.534245893400392857e-01,-9.213437086062559178e-01,3.758944290309393033e+00,6.857217790645697697e-01,1.013610242196467670e+00,8.133501783236588567e-01,-7.812812081585641666e-01,-2.042866155556510022e-01,1.117763754833609013e+00,8.181920003496729876e-01,1.154167083789896298e+00,-1.357661884531932595e+00,-3.036505194138556241e-01,5.508083242093429061e-02,1.590403477524120479e+00,6.285952620936205992e-01,-6.443834820171773226e-01,8.406742444398818126e-01,2.699008741212551299e-01,-4.448577784116934941e-01,4.767698512814812495e-01
2.829538794006299263e+00,-9.067135666788104231e-01,2.725440440900172678e+00,-3.581125989047223568e-01,-1.944668557100368567e+00,-2.208366883065761233e+00,9.050426018973318776e-01,-2.085432244000992252e+00,7.261569502674996013e-01,-1.997215703861573155e-01,-1.441174407882192421e+00,-4.327469125894564117e-01,-1.080431445837201965e+00,-1.368029085780634757e+00,-1.015293298830028945e+00,3.463579554570035968e-01,-2.586076061841205420e-01,1.587622371171715230e+00,-2.066823745493658326e-01,-1.068705544673303587e+00,1.942715094163520728e-01,-1.512212599442788630e+00,-1.346979642798423749e-02,-1.324313805448688597e-01,-2.990756179468996301e-01,-1.591021382115909433e-01,-1.100033464472289335e+00,-1.531879095445621425e-02
2.203655603309455202e+00,-1.300184842177484423e+00,-8.688997230510850933e-01,-1.494478189609296237e+00,7.414022648916622771e-01,1.993892128525891039e+00,-4.530209963606445650e-02,-8.715767814460358975e-01,-2.604454875240064471e+00,2.908604904080822173e+00,-1.385713762881211286e+00,-5.575561964605740828e-02,1.301293221559009505e-01,-4.196454113299784988e-03,-3.687047223132400853e-01,4.235456447584696749e-01,-1.727988029604418552e+00,6.236736483035444367e-01,5.245232956244127998e-01,2.368670607576063847e-01,-5.237657150215773161e-01,2.189131738699724994e-01,-4.149655166319906052e-01,5.699465813254378510e-02,7.570342282715579740e-01,5.546236993178514929e-01,-1.394408061230250073e+00,-2.616238855513303707e-01
6.170911209119982921e+00,2.531853594859038825e+00,1.453560713203262855e+00,7.357425772540447939e-01,5.639714384964303884e-01,5.086895371900479468e-01,1.021826195759048650e+00,-1.103394408980173935e+00,-1.180606789045434007e-01,6.946590135460287696e-01,3.376183001083479795e-01,9.945766183949510397e-01,-2.772677589586658442e-01,-1.573763190173049553e+00,5.216054287618706597e-01,2.945178825210811868e-01,-1.376700040046551665e+00,-1.084606613707394862e+00,-7.818441232517418793e-02,4.288640690875249184e-03,-9.332687749487698081e-01,3.149394234004082582e-01,4.226167602351843522e-02,5.237396173525519366e-02,1.755534936811941615e-01,1.166311570903317607e+00,-3.153384181033461187e-01,6.486915479157718822e-01
-6.074998831773252839e+00,2.955419615394506039e+00,2.093754464811153237e+00,-3.341029093307555375e-01,1.597924507376808911e+00,3.807918147409116161e-01,-7.079503134386515573e-01,7.402453254981128383e-01,-1.183058817373677574e+00,-1.725233569166966519e-01,-3.377970437331277997e-01,-8.580520363817425444e-01,7.866445626753952869e-01,8.344922099763767143e-02,-5.578587662768477173e-01,-6.905691522658277126e-01,1.039173007584299757e+00,-6.567639491316508149e-01,9.606528671567304833e-02,-7.603553237848653668e-01,1.366502338287431062e+00,-8.738521185514274148e-01,-6.298561189836551222e-01,-5.799076901528738004e-01,-6.764363188158662998e-01,-7.256178760917562087e-01,4.387054542782007349e-01,1.388491788454168763e+00
6.128670892304543649e+00,1.353878205227961040e-01,1.719479395462242488e+00,4.921982192531488831e-01,-2.278769316581999327e+00,2.382305432762623632e+00,1.221962914049895987e+00,9.987523389990908829e-01,-9.721629593184603069e-01,8.422050043484787807e-01,1.930034078976269107e+00,1.092913546403718295e+00,-2.152365029328588697e-01,1.646570044231705721e+00,1.181667557264109714e-01,-1.222134552347679204e+00,-3.122175197554517556e-01,-7.754365857779456084e-01,-8.087322276525596987e-01,-1.061953421651772755e+00,-5.521786545661838685e-01,9.406491778593054076e-02,4.824604656813446524e-01,6.166099535321846459e-02,3.612272024543200510e-01,-7.875735480048955406e-01,1.225061793379655262e+00,9.715789706852663299e-01
-9.798164165456853425e+00,-7.020798001390124998e-01,5.542391458551814143e-01,1.720847904131209694e+00,-2.451923565964999163e+00,6.656275191807464742e-01,-1.353788014785797023e+00,-2.094524460784505937e-01,-4.291250929348666254e+00,-1.279580292338111214e+00,-7.767317125548075518e-01,-1.066716761267358926e-01,-1.388498260559392961e+00,1.147226848256855281e+00,4.835420232729727985e-01,2.628682516734292540e-01,-5.140000194489380281e-01,3.268963618077269651e-01,8.997144616267933603e-01,-3.117123533110248701e-01,-1.046741500116839196e+00,-7.260991282269211311e-01,9.384284181441607253e-02,-1.111585136590079181e-02,2.501957936890397693e-01,3.972256306585051910e-01,-2.766799571922303747e-01,-3.309725519845361785e-01
9.111308419044258144e+00,3.049353239534383420e+00,4.763001498137776069e-01,-4.402140866054180535e+00,1.983291745139652784e+00,3.530606955914039169e+00,1.983039211605666541e+00,9.750721431737364719e-01,-4.017732898790115081e-01,-3.809159626387914610e-02,1.291359836166523944e+00,8.704731226279027734e-02,1.353691083581956001e+00,-2.674675507121040408e-01,-9.553650214241515837e-01,-1.233019469653851452e+00,-5.910965538237644701e-01,5.404000096370347173e-01,7.419504944301443805e-01,1.758650384221174479e+00,-9.389631138535524668e-01,5.983738114759542537e-01,-2.908658646152431637e-01,-3.150449850025398568e-01,-1.037469422753112713e+00,-7.325423315250338963e-01,2.359336166188938100e-01,-1.131815402834622564e+00
-3.934491318857547437e+00,-1.727878048361928709e+00,4.983337595527253860e+00,1.895923814219105497e+00,2.193594179219926499e+00,-1.692031189275312597e+00,-4.615919417418458126e-01,-5.410264238893057742e-01,-1.083522192492298197e+00,6.409823596078252361e-01,4.034028768550525501e-01,1.387087593321600476e+00,-3.640625676081919448e-01,2.576467788278977267e+00,2.396057824843934314e-01,2.142112211313203396e+00,-9.235882706346469906e-01,-9.944223830157473687e-01,-7.695519300097873883e-01,6.592842122127366700e-02,-1.046115610291678211e+00,-2.153041866063572507e-01,-1.590825253641622972e+00,-4.585277058215678769e-01,-6.496181742554032468e-01,-1.190397796383244389e+00,3.356779428870066972e-01,-5.059050913157515650e-01
2.363738308693483336e+00,-1.436683651080566948e+00,1.174068243471669604e+00,-1.048416041644593788e+00,-2.220302591381599910e+00,1.373562404898921230e+00,1.311764088059874878e+00,-2.035691148444264353e+00,1.045018185919445619e+00,1.616886860545845073e+00,-1.405592745496234919e+00,-2.337285815398438549e-01,1.139334471063809140e+00,2.278108645195046300e+00,1.457124919489903636e+00,-4.032638218113448469e-01,4.046960169265126916e-01,1.627388864708971261e-01,-6.001222658130663801e-01,-3.689808474116521020e-01,1.482363200262534764e-01,-1.287741806102318254e+00,3.482949797801294101e-01,9.851008571030811511e-01,-9.818800312338161751e-01,1.348513571122756660e-01,-1.814763975540869545e-01,-9.343937127361043871e-01
-6.198794885750417372e+00,2.902342865187388932e-01,1.873779350423872225e+00,-2.977618500469598306e+00,-9.571844318643037974e-01,1.070226894664629391e+00,-1.075043304535558297e+00,1.190120795989077357e-01,6.782309654266542864e-01,-4.177232675813695173e-01,-5.809711266488127857e-01,-1.554695302799738721e-01,-5.746793646626382479e-01,7.707588657641012420e-01,1.443883951915608144e+00,1.074761471532258650e+00,1.908046497639276362e-01,4.033669640200158724e-01,-2.159246445696588468e-01,1.078548844533830264e+00,-8.041590753573977235e-01,8.978603673912931571e-01,-5.814052708234870165e-03,1.771451447282696323e+00,-2.412479016086376271e-01,3.006199243378768204e-01,8.426913112495545977e-02,-6.843361345475970081e-01
